Fold,Train_Start,Train_End,Test_Start,Test_End,Train_Days,Test_Days,Train_Samples,Test_Samples,Sharpe,CAGR,Max_Drawdown,Volatility,Accuracy,Final_Return,Win_Rate,Active_Days,Avg_Turnover,Median_Turnover,Turnover95,Max_Turnover,Avg_Holdings,Deadband_Pct
1,2017-02-09,2019-02-25,2019-02-26,2019-06-03,504,63,6594,957,2.112554764604815,0.8667447289472274,-0.15168619001336164,0.3190581178762742,0.5141065830721003,1.1688835141701535,0.49206349206349204,62,0.3044542766333511,0.20922069868302637,0.9957161107638427,1.5487528225200664,3.984126984126984,0.6872727272727273
2,2017-05-18,2019-06-03,2019-06-04,2019-09-04,504,63,7130,1026,-1.2606194859794828,-0.46902468235508943,-0.2811843833126635,0.4293600372381851,0.48927875243664715,0.8536278650274695,0.49206349206349204,62,0.31055746518720956,0.16341116711538348,0.9999999959,1.497753938266679,4.349206349206349,0.7214765100671141
3,2017-08-17,2019-09-04,2019-09-05,2019-12-09,504,63,7302,1028,1.8289685578690604,0.9505524134554069,-0.1586114890260304,0.4096929373172852,0.5087548638132295,1.181787538484206,0.5079365079365079,60,0.28515638632306883,0.17013327467102787,1.1223311775677847,1.3065721728425044,4.126984126984127,0.7017543859649122
4,2017-11-17,2019-12-09,2019-12-10,2020-03-09,504,63,7542,1103,-3.922739235167934,-0.6825163434646633,-0.2493623505226763,0.28181956965946264,0.4932003626473255,0.7506376494773237,0.36507936507936506,59,0.21377493439596332,0.0,0.9999999986440506,1.0248962622089355,4.0476190476190474,0.7588652482269503
5,2018-02-19,2020-03-09,2020-03-11,2020-06-15,504,63,7711,938,2.848354905518512,4.0404397278181134,-0.19975139382761864,0.6383904210982677,0.48294243070362475,1.488776597454195,0.5645161290322581,60,0.4006722080204792,0.32300350697514857,0.9999999977104669,1.3324886340804603,3.5161290322580645,0.5679012345679012
6,2018-05-23,2020-06-15,2020-06-16,2020-09-10,504,63,7742,1048,2.6292464656366406,1.4723910797264699,-0.16439215045106467,0.37048365423771695,0.4818702290076336,1.2539473211974237,0.5714285714285714,59,0.26876315976165477,0.17641073569336038,0.999999997785925,1.255370173085308,4.095238095238095,0.6829268292682927
7,2018-08-21,2020-09-10,2020-09-11,2020-12-10,504,63,7902,1063,3.72672170039928,2.0255995819470543,-0.09574523399629425,0.3103642009846836,0.49482596425211667,1.3188726520187053,0.5873015873015873,60,0.19232861772307114,0.0,0.6889631940183468,1.507784701682648,4.190476190476191,0.7551724137931034
8,2018-11-27,2020-12-10,2020-12-11,2021-03-12,504,63,8039,1083,4.56948597385551,3.3188777014572146,-0.0783326577073063,0.3328183301895958,0.5023084025854109,1.4415932049217217,0.6031746031746031,62,0.38773138411115576,0.33860618751799726,0.9865124071009856,1.3464241986970178,3.6666666666666665,0.6342412451361867
9,2019-02-26,2021-03-12,2021-03-15,2021-06-16,504,63,8246,1045,2.8821553148093466,1.384939440021487,-0.07743186733621421,0.3191716307889825,0.5167464114832536,1.2384298545106773,0.532258064516129,60,0.39218118353684167,0.29539551627771543,0.9999999981813296,1.611031233316527,3.9193548387096775,0.6282527881040892
10,2019-06-04,2021-06-16,2021-06-17,2021-09-16,504,63,8334,1039,1.9584209501085934,0.7391876380792866,-0.2035114904622965,0.3061772962675868,0.5052935514918191,1.148382616938675,0.49206349206349204,62,0.3004919304535992,0.22230130240205503,0.9920490848541013,1.464019846298554,4.111111111111111,0.6982456140350877
11,2019-09-05,2021-09-16,2021-09-17,2021-12-17,504,63,8347,1098,0.3364622728505244,0.05797027970982249,-0.17354670331952987,0.2862932962777696,0.5145719489981785,1.0141877648955573,0.4126984126984127,60,0.24285742977121494,0.0,0.9956532477242035,1.4731353588151561,4.174603174603175,0.7620689655172413
12,2019-12-10,2021-12-17,2021-12-20,2022-03-21,504,63,8417,1102,0.906053115589436,0.27587080374135775,-0.18070485124247668,0.3279692634763985,0.5235934664246824,1.0628003159693946,0.5238095238095238,62,0.405077622360286,0.2859404571821311,0.9999999969423876,1.3157894686523166,4.158730158730159,0.6310344827586207
13,2020-03-11,2022-03-21,2022-03-22,2022-06-21,504,63,8416,1193,-0.41398878122426197,-0.15265518284294377,-0.12197582669764895,0.29615407392240434,0.5020955574182733,0.9594338665935448,0.42857142857142855,61,0.2397676977229725,0.1527786016795345,0.8652641887303484,1.4415762717375769,4.126984126984127,0.759581881533101
14,2020-06-16,2022-06-21,2022-06-22,2022-09-21,504,63,8671,1056,4.392556494189291,2.0296572608609993,-0.06571906098571037,0.2603955313598217,0.48674242424242425,1.3193146199915244,0.5396825396825397,60,0.27118794060664275,0.16831139512767698,0.9999999951,1.0828245918616657,4.0476190476190474,0.7067137809187279
15,2020-09-11,2022-09-21,2022-09-22,2022-12-22,504,63,8679,1048,0.24004280283283666,0.029655556773838132,-0.08074618149547837,0.2588711965244539,0.5190839694656488,1.00733283840158,0.42857142857142855,60,0.29619384523184944,0.17549972480089643,1.0870421060750513,1.5140186860635405,3.9523809523809526,0.6920289855072463
16,2020-12-11,2022-12-22,2022-12-23,2023-03-23,504,63,8664,1139,1.3455275591724505,0.2574696706150976,-0.07282112194550114,0.1824764603913906,0.5013169446883231,1.057985092449471,0.43548387096774194,59,0.24796204689333715,0.07949557368646856,0.9912482227237769,1.187755114221257,4.193548387096774,0.7335640138408305
17,2021-03-15,2023-03-23,2023-03-24,2023-06-27,504,63,8720,999,4.709483310570649,1.5558175173513114,-0.06404990725049081,0.20392727344068942,0.4964964964964965,1.2643940999098469,0.6190476190476191,60,0.3914194230004315,0.29106964147498626,1.0875419752975342,1.5191256718543402,4.0476190476190474,0.6254416961130742
18,2021-06-17,2023-06-27,2023-06-28,2023-09-27,504,63,8674,1008,5.845271130024717,4.0141421328630225,-0.04561282786275242,0.2833708884806845,0.5238095238095238,1.49640503261391,0.6031746031746031,61,0.22236052131227926,0.0,0.9700799224183685,1.7096774113481792,4.126984126984127,0.7342657342657343
19,2021-09-17,2023-09-27,2023-09-28,2024-01-01,504,63,8643,1036,7.560553145926517,5.552408261485464,-0.04727127950531617,0.2537001357611962,0.4980694980694981,1.5880367589335875,0.6129032258064516,59,0.2749300054247829,0.18940440058140123,0.9006558076681356,0.9999999992192441,4.048387096774194,0.6942446043165468
20,2021-12-20,2024-01-01,2024-01-02,2024-04-04,504,63,8581,1139,3.406318435389689,1.695492088998333,-0.09315963925455378,0.30505915261072997,0.4986830553116769,1.281325636147968,0.5555555555555556,62,0.31251003243630454,0.19559922193306095,0.9999999983177028,1.8850213221598113,4.095238095238095,0.7038327526132404
21,2022-03-22,2024-04-04,2024-04-05,2024-07-09,504,63,8618,1056,4.58106973202582,4.523805677324392,-0.10664779468407334,0.3907616846720006,0.47821969696969696,1.5330615732147854,0.6666666666666666,62,0.3099699336690591,0.2326476000531896,0.8748024514964748,1.8177628033910214,4.111111111111111,0.6896551724137931
22,2022-06-22,2024-07-09,2024-07-10,2024-10-09,504,63,8481,1162,2.2951498948164515,0.7788961503733669,-0.09057814106822236,0.2662849677515058,0.459552495697074,1.1548820966313034,0.47619047619047616,62,0.24472516984244835,0.16383893481657036,0.9944499613002739,1.4406676316333125,4.333333333333333,0.7251655629139073
23,2022-09-22,2024-10-09,2024-10-10,2025-01-09,504,63,8587,1215,2.189147082108513,0.913384203842283,-0.12933772357244858,0.3194130290828135,0.4872427983539095,1.1761170503935727,0.4444444444444444,60,0.27382031902424786,0.1933716365153217,0.7970460377680046,0.9999999972789069,4.0476190476190474,0.6950354609929078
24,2022-12-23,2025-01-09,2025-01-10,2025-04-11,504,63,8754,1289,1.214070271378203,0.43058647987796306,-0.15239302939770372,0.34146590156572676,0.5081458494957332,1.0920974915490949,0.43548387096774194,59,0.29818664367450587,0.18569726797686215,0.9999999981129717,1.6809439244381257,4.354838709677419,0.7138047138047138
25,2023-03-24,2025-04-11,2025-04-15,2025-07-14,504,63,8904,965,5.168770989787549,2.7212502205174167,-0.07923094082889387,0.2612869442381961,0.5243523316062176,1.3889039669980487,0.5396825396825397,61,0.29710292623037476,0.0,0.9999999968401959,1.3474886992994985,3.8253968253968256,0.6877323420074349
26,2023-06-28,2025-07-14,2025-07-15,2025-10-14,504,63,8870,1159,0.13980123038310163,0.008881831927170403,-0.12822540532973759,0.1898365786568511,0.5150992234685073,1.0022131004162638,0.49206349206349204,61,0.27635587848929427,0.15330948630784846,0.999999996840909,1.3461869457657796,4.079365079365079,0.6912280701754386
27,2023-09-28,2025-10-14,2025-10-15,2026-01-14,504,63,9021,1188,0.5727151902123536,0.12886988824142964,-0.07441071980181511,0.2737953343033139,0.5134680134680135,1.0307681060483058,0.38095238095238093,60,0.23875616891394297,0.15489964568762207,0.8748835551313255,1.2084433824729057,4.190476190476191,0.7235494880546075
28,2024-01-02,2026-01-14,2026-01-15,2026-04-21,504,63,9173,1387,1.3692256783030472,0.5002678964205762,-0.15764406895636884,0.3374218032997057,0.501802451333814,1.1049512598481142,0.5483870967741935,60,0.27050343793639314,0.1795235288760011,0.9999999974389888,1.0230215795767224,4.467741935483871,0.7207792207792207
