Feature,Num_Observations,IC_Volatility,Positive_IC_Pct,IC_FlipRate,Rolling_IC_Volatility,Rolling_ICIR_Volatility
ATR,3021,0.28336207342377523,0.535253227408143,0.20496688741721855,0.08561598867789258,0.326032512215397
ATR_14,3021,0.2835917367603146,0.5339291625289639,0.2,0.08663489959565619,0.3310608840960886
ATR_Z,3021,0.2833604809957059,0.535253227408143,0.20496688741721855,0.08561488872463473,0.3260271316062147
BB_Z10,3021,0.22726808816192134,0.4812975835815955,0.29271523178807946,0.05434104055769827,0.2522788941621958
BB_Z20,3021,0.23485275016396426,0.49189010261502814,0.2685430463576159,0.06033273814635397,0.27044086255098004
BB_Z200,3021,0.25338789382790444,0.552466070837471,0.22317880794701986,0.0672197340893483,0.29325751464758215
BB_Z50,3021,0.24039352009350443,0.5024826216484608,0.24304635761589405,0.06227457431326362,0.2753798873112908
Close_Lag1,3021,0.3034702348098568,0.5365772922873221,0.2056291390728477,0.0948204006077587,0.33535888333513175
Close_Lag2,3021,0.3033797816323198,0.5339291625289639,0.2009933774834437,0.0950390624687117,0.336057298632341
Close_Lag3,3021,0.3033316895339207,0.5365772922873221,0.2033112582781457,0.09510556216407788,0.3359987060996315
Close_Lag5,3021,0.3032506469164943,0.5355842436279378,0.20231788079470198,0.09540478766316766,0.33718398154283136
EMA10,3021,0.3030784717466557,0.5322740814299901,0.20264900662251656,0.09508019436756651,0.3362841718420417
EMA20,3021,0.3027945341900841,0.5339291625289639,0.20629139072847683,0.09497815440261087,0.33604130364820617
EMA200,3021,0.3010418935550388,0.535253227408143,0.20165562913907284,0.09291009891925069,0.3289241371101682
EMA50,3021,0.302215160717231,0.5332671300893744,0.20264900662251656,0.0940054113773915,0.33284788975808116
EMA_M,3021,0.30218337253696426,0.5335981463091691,0.20198675496688742,0.09402650714028855,0.33344909207584345
EMA_S,3021,0.30290594071678284,0.5332671300893744,0.2052980132450331,0.09493856308508014,0.33584044194448986
EMA_Spread,3021,0.2601255312677986,0.5335981463091691,0.2314569536423841,0.06856278528994511,0.2806593648419409
EMA_Spread_Z,3021,0.2601243117080459,0.5335981463091691,0.2314569536423841,0.06856543522532572,0.2806900967665062
EPS,3021,0.2769362512922803,0.5607414763323403,0.20496688741721855,0.0815542135278395,0.32323622106434824
EPS_Growth,11,0.1665542844926127,0.18181818181818182,0.4,,
EPS_Growth_Z,11,0.16274308802869003,0.18181818181818182,0.4,,
Gap,3018,0.22601176690701888,0.4963552021206097,0.4468014584023865,0.03818033714667063,0.17647509444170342
Gap_Z,3021,0.22594169394665412,0.49586229725256536,0.447682119205298,0.03822504667923137,0.17677535241919543
High_20,3021,0.3014078940380276,0.5329361138695796,0.20629139072847683,0.09401867687252184,0.33429898955031034
Log_Return,3018,0.2337874396569462,0.4777998674618953,0.48889625455750746,0.033193263064097075,0.1462893457195284
Low_20,3021,0.3043567267399927,0.535253227408143,0.2052980132450331,0.09576305857028306,0.33751293758325235
MA10,3021,0.3030622575435483,0.5349222111883483,0.2009933774834437,0.09520236487100689,0.33677060142050574
MA20,3021,0.3025922836579674,0.5329361138695796,0.20860927152317882,0.094909855870925,0.33581609074753377
MA200,3021,0.300706664113711,0.5335981463091691,0.2029801324503311,0.0926296855420725,0.3281970962123402
MA50,3021,0.3018899728813021,0.5335981463091691,0.20496688741721855,0.09366016374085659,0.3318637436412089
MACD,3021,0.23616598351661044,0.505130751406819,0.21721854304635763,0.05897369828046782,0.27037088003669046
MACD_Hist,3021,0.22860674959236305,0.47964250248262164,0.24039735099337747,0.06472870947153743,0.2911902287911374
MACD_Hist_Z,3021,0.2285934537269017,0.47964250248262164,0.24039735099337747,0.064720703792887,0.29116349816322973
MACD_Signal,3021,0.23912367046147232,0.5034756703078451,0.22152317880794703,0.06090996709067655,0.27595181092328686
MACD_Z,3021,0.23616598351661044,0.505130751406819,0.21721854304635763,0.05897369828046782,0.27037088003669046
Momentum,3001,0.2516301200404813,0.5004998333888704,0.25433333333333336,0.06728438055066802,0.2821853654579296
Momentum_ATR,3021,0.248857985656888,0.5038066865276398,0.276158940397351,0.06690161988081857,0.2876582780904561
Momentum_ATR_Z,3021,0.24888034424299238,0.5038066865276398,0.276158940397351,0.06687089685954471,0.2873744637025113
Momentum_Rank,3021,0.24559168924699568,0.5001655081098973,0.2556291390728477,0.06544092063697735,0.28309116021827563
Momentum_Vol,3021,0.233110182449544,0.5081098973849718,0.2609271523178808,0.06471845299747198,0.3051793767833067
Momentum_Vol_Z,3021,0.2331075450118232,0.5081098973849718,0.2609271523178808,0.06470432087015986,0.30504780827695693
Momentum_Z,2902,0.23813067826608114,0.4627842866988284,0.2509479489831093,0.06069300817603464,0.2762351363194964
PE,3021,0.2352455833132766,0.4657398212512413,0.23013245033112584,0.06883645210058832,0.3430255606951489
PE_Change,3018,0.22964673385510442,0.45294897282968855,0.4802784222737819,0.032754620563702354,0.1419168984424965
PE_Rank,3021,0.23742317858149858,0.46838795100959946,0.22483443708609271,0.07041786315653831,0.3465272255005704
PE_Z,3021,0.23625026042803657,0.46739490235021514,0.22980132450331126,0.06885392372961617,0.338608901001315
Price_to_MA10,3021,0.23903775494397825,0.4799735187024164,0.2817880794701987,0.05670773110885604,0.24370202049322456
Price_to_MA20,3021,0.24758452687674246,0.49520026481297585,0.25927152317880797,0.06585488661900706,0.2849352788722185
Price_to_MA200,3021,0.26810773548830225,0.551142005958292,0.2165562913907285,0.07518018916401138,0.2994929481028723
Price_to_MA50,3021,0.2572962646163569,0.5114200595829196,0.23841059602649006,0.06730664271312302,0.2836062939573655
RSI,3021,0.23906548115228915,0.5031446540880503,0.2433774834437086,0.06608859540046523,0.2994979669453865
RSI_Z,3021,0.23906405859707933,0.5031446540880503,0.2433774834437086,0.06608235787059796,0.2994446209562835
Range_Position,3021,0.2319309272184996,0.502151605428666,0.2539735099337748,0.058257910526224095,0.2656487188125512
Range_Position_Z,3021,0.2319225077068356,0.502151605428666,0.2539735099337748,0.058250293273684674,0.2656358604749792
Regime_Score,2723,0.23506499423382685,0.4730077120822622,0.23218221895664953,0.06799412521456517,0.31781627431794895
Regime_Strength,2624,0.2215273559952238,0.5041920731707317,0.2344643537933664,0.06644387800094786,0.3221522582475144
Return,3018,0.2337874396569462,0.4777998674618953,0.48889625455750746,0.033193263064097075,0.1462893457195284
Return_10,3021,0.24463011935026382,0.5087719298245614,0.27086092715231785,0.06516336153396955,0.29044516766797124
Return_10_Z,3021,0.244628070037826,0.5084409136047666,0.27086092715231785,0.06514287234182249,0.29027380530147107
Return_5,3021,0.23817828151857431,0.4998344918901026,0.2993377483443709,0.051987688887599276,0.22713121658879384
Return_5_Z,3021,0.2381701261547772,0.4998344918901026,0.2993377483443709,0.05197904787632579,0.22709142846950947
Return_Lag1,3018,0.2337874396569462,0.4777998674618953,0.48889625455750746,0.033193263064097075,0.1462893457195284
Return_Lag10,3018,0.23023770882799394,0.5129224652087475,0.4792840570102751,0.031553099576884264,0.14107129776291089
Return_Lag2,3018,0.23254588981266974,0.4960238568588469,0.5011600928074246,0.03437834139804367,0.1536169460528514
Return_Lag3,3018,0.23270321982994566,0.4917163684559311,0.4955253563142194,0.03371106552505314,0.14685107112683934
Return_Lag5,3018,0.2283697594979381,0.5165672630881378,0.4895591647331787,0.027150221607319867,0.12146919068865762
Return_Rank,3018,0.23374511764818523,0.4777998674618953,0.48889625455750746,0.033175313883030536,0.14620982668418708
Return_Z,3018,0.2337549778262517,0.4777998674618953,0.48889625455750746,0.03318053241830387,0.1462345378601197
Reversal,3021,0.24559485628327588,0.4991724594505131,0.2556291390728477,0.06545299440742954,0.2831748675631416
Reversal_10,3021,0.24463011935026382,0.4885799404170804,0.27086092715231785,0.06516336153396955,0.29044516766797124
Reversal_5,3021,0.23817828151857431,0.4998344918901026,0.2993377483443709,0.051987688887599276,0.22713121658879384
SMA_L,2822,0.30224921249354486,0.5287030474840538,0.19957461892945763,0.09482108712181432,0.33393377471534386
SMA_S,3002,0.3024876113624048,0.533977348434377,0.20393202265911362,0.09547065963491722,0.33762749574007217
Trend,2822,0.268669742424107,0.5602409638554217,0.21375398794753633,0.07307851012827288,0.2913864393752727
Trend_Strength,3021,0.2694186454226897,0.5584243627937769,0.2099337748344371,0.0789002114013066,0.30665954993017097
Trend_Strength_Z,3021,0.2694187417905949,0.5580933465739821,0.21059602649006623,0.07889961444147929,0.3066532565757563
Trend_Z,2723,0.23623947747927657,0.48916636063165625,0.22630418809698752,0.06979938780641769,0.323074569118158
Value_Rank,3021,0.2374165263285526,0.5312810327706058,0.22483443708609271,0.0704312457353172,0.34650903447316034
Value_Score,3021,0.22999536766595077,0.5418735518040384,0.23774834437086093,0.06370433564842146,0.3149481953733885
Vol_Regime,3021,0.25360285106502867,0.4574644157563721,0.2721854304635762,0.06302820710945037,0.2634286528585457
Vol_Z,2902,0.22161239052564818,0.47829083390764987,0.24577731816614962,0.047633552643336616,0.22866367021688336
Volatility,3001,0.2793486736875461,0.46017994001999335,0.22366666666666668,0.07811834642781071,0.2823589698097532
Volatility_Rank,3021,0.2692682845435798,0.4644157563720622,0.2271523178807947,0.07164536526199547,0.27592214268422904
Volatility_Z,3021,0.26926766042993255,0.4644157563720622,0.2271523178807947,0.07164693132839307,0.2759307194446305
Volume_Change,3015,0.2166410473191186,0.4981757877280265,0.5703384207033843,0.01888630304406531,0.08835145546234023
Volume_Change_Z,3015,0.21664705493735067,0.4988391376451078,0.56635700066357,0.019524721045761414,0.09127028693602827
Volume_MA,3021,0.23861618356033307,0.4922211188348229,0.2142384105960265,0.07017722453192858,0.32404457505887696
Volume_Ratio,3018,0.22086269488869256,0.4946984758117959,0.38780245276764996,0.04606666036069671,0.21285751886980822
Volume_Ratio_Z,3018,0.2208388190300306,0.4946984758117959,0.38780245276764996,0.04609797466139531,0.21307981452788574
