Regime,Feature,Mean_IC,Abs_IC,IC_Std,Positive_IC_Pct,Observations,ICIR,Alpha_Score
BEAR,EPS,0.04833231827332567,0.23263566199184485,0.27699984861395055,0.5644859813084112,535,0.1744849982434485,0.04059143307401053
BEAR,Value_Score,0.03181908248279398,0.1994731158932928,0.24864000751212212,0.5233644859813084,535,0.1279724959518841,0.02552707251616412
BEAR,MA50,0.029080028155588484,0.27039637305398473,0.32684281230608103,0.5495327102803739,535,0.08897251820053231,0.024057846222903582
BEAR,Low_20,0.028905685253603965,0.27288140580734843,0.32922041589786416,0.5457943925233645,535,0.08780040292146137,0.02395909737966
BEAR,EMA20,0.028807609982619532,0.27137634898864677,0.32793704792914746,0.5439252336448598,535,0.08784493876702405,0.023839038759726226
BEAR,EMA_S,0.02869334584658461,0.2715324656386756,0.3278465901698935,0.5439252336448598,535,0.08752064721550032,0.02376469713271749
BEAR,EMA10,0.028684747804451325,0.2711956218057914,0.32756201609269975,0.5420560747663551,535,0.08757043340691593,0.023748718139591212
BEAR,MA20,0.02866699658561167,0.2710001205903445,0.3273798056234872,0.5401869158878505,535,0.08756495057308467,0.0237301121647935
BEAR,Close_Lag5,0.02862274246349861,0.27182148904857617,0.3280809297583343,0.5439252336448598,535,0.08724293239884226,0.023714503793617572
BEAR,ATR_14,0.02894024328596466,0.2482718587688887,0.30308621680787806,0.5457943925233645,535,0.09548518403535411,0.02370628412534678
BEAR,Close_Lag2,0.028606758950853017,0.27125803672162163,0.32746897869535135,0.5420560747663551,535,0.08735715663042727,0.023696330801152892
BEAR,Close_Lag3,0.028562518254258863,0.2711267699944399,0.32739814689233265,0.5457943925233645,535,0.08724092802031323,0.023653351025464953
BEAR,MA200,0.02858254885350438,0.27228573899073,0.32939353348002165,0.5476635514018692,535,0.08677325406105676,0.023627119606645205
BEAR,MA10,0.0282913401764251,0.2710491739963782,0.3275790813850277,0.5457943925233645,535,0.08636491674145484,0.023409139345037307
BEAR,EMA50,0.028222295264706574,0.27051822697601985,0.326892192077508,0.5476635514018692,535,0.08633517674132678,0.023355238937725026
BEAR,SMA_S,0.028161800050891854,0.2716379855200136,0.327731766052684,0.5420560747663551,535,0.08592941814628774,0.023341694042164504
BEAR,EMA_M,0.028141436184005265,0.27063783874992897,0.327197656529973,0.5476635514018692,535,0.08600745004241774,0.023276870395872423
BEAR,Close_Lag1,0.027901179664615177,0.27091957547526346,0.3274439782614548,0.5457943925233645,535,0.08520901721126735,0.023084790769540967
BEAR,EMA200,0.027769957913788043,0.2718503924564148,0.3291240103283615,0.5457943925233645,535,0.08437536295728487,0.022937475533590334
BEAR,High_20,0.027347513345860646,0.2689523866795465,0.3253294631395321,0.5439252336448598,535,0.08406097928508387,0.022608401005343226
BEAR,ATR,0.027450272352460756,0.2461559267812472,0.3018512643466407,0.5401869158878505,535,0.09093972927672621,0.02238535334134826
BEAR,ATR_Z,0.027450272352460756,0.2461559267812472,0.3018512643466407,0.5401869158878505,535,0.09093972927672621,0.02238535334134826
BEAR,SMA_L,0.026261316567575778,0.27463887923430613,0.3317066749828763,0.5401869158878505,535,0.07917029854693507,0.02174324206157566
BEAR,Regime_Strength,0.025741888439371058,0.17555867070090286,0.21991304686888521,0.5364485981308411,535,0.11705484821764045,0.020549993552184908
BEAR,Value_Rank,0.022579326448025,0.21844064663260357,0.26718778288200495,0.5345794392523364,535,0.08450733083663901,0.018459835993150785
BEAR,Reversal,0.019009529805835028,0.20679622992175517,0.25187193717651435,0.5476635514018692,535,0.07547299609261338,0.015607531052851805
BEAR,Reversal_5,0.01322304609333599,0.1909489897991852,0.23070732276262876,0.5121495327102804,535,0.0573152420030713,0.010944287560582293
BEAR,Return_Lag5,0.011516478767209319,0.18619818033916255,0.23034646789088226,0.525233644859813,535,0.04999633301374724,0.009309226230790536
BEAR,Vol_Z,0.008466235546893892,0.18159002426302,0.22262608268245865,0.514018691588785,535,0.038028947043643166,0.006905677416352266
BEAR,Reversal_10,0.005798718838028446,0.20012184296027993,0.24807528394335826,0.5214953271028038,535,0.023374834939129212,0.004677815046910881
BEAR,MACD_Hist,0.005339122153679044,0.18198269745723408,0.22952920265618787,0.49906542056074765,535,0.023261188853669894,0.004233133893652994
BEAR,MACD_Hist_Z,0.005339122153679044,0.18198269745723408,0.22952920265618787,0.49906542056074765,535,0.023261188853669894,0.004233133893652994
BEAR,Volume_Ratio,0.005002928245451887,0.16927012501751068,0.21714813789013532,0.5177570093457944,535,0.023039240727654065,0.0038998551582785273
BEAR,Volume_Ratio_Z,0.005002928245451887,0.16927012501751068,0.21714813789013532,0.5177570093457944,535,0.023039240727654065,0.0038998551582785273
BEAR,Trend_Strength,0.0008885056000891754,0.22958412513469975,0.2777661548685482,0.502803738317757,535,0.0031987539925838093,0.0007343831369084817
BEAR,Trend_Strength_Z,0.0008885056000891754,0.22958412513469975,0.2777661548685482,0.502803738317757,535,0.0031987539925838093,0.0007343831369084817
BEAR,Return_Lag10,0.00045649138151082624,0.19296489508314454,0.23870304869155667,0.502803738317757,535,0.0019123818572937702,0.00036902256445160144
BEAR,Volatility,-0.022337671990005897,0.2538495018865472,0.3067000363546079,0.47289719626168225,535,-0.07283230932306338,0.0
BEAR,Volatility_Rank,-0.025058912589486775,0.24505255218332317,0.29873977254420936,0.47102803738317756,535,-0.08388207667225268,0.0
BEAR,Volatility_Z,-0.025058912589486775,0.24505255218332317,0.29873977254420936,0.47102803738317756,535,-0.08388207667225268,0.0
BEAR,Price_to_MA200,-0.0005627388905283105,0.23003602262155592,0.2778965087738062,0.4897196261682243,535,-0.0020249944520222716,0.0
BEAR,Vol_Regime,-0.010186545181309136,0.2283612311194199,0.2827241985939327,0.48411214953271026,535,-0.03602997265865366,0.0
BEAR,Trend,-0.004519536582789976,0.22820261033084105,0.27932865169058546,0.4897196261682243,535,-0.016179996356465092,0.0
BEAR,Price_to_MA50,-0.018827781262589667,0.22647929852720577,0.27092895930948,0.4747663551401869,535,-0.0694934245533694,0.0
BEAR,EMA_Spread,-0.005369699513805274,0.22097365036766334,0.26879285060378766,0.48598130841121495,535,-0.019977091956747583,0.0
BEAR,EMA_Spread_Z,-0.005369699513805274,0.22097365036766334,0.26879285060378766,0.48598130841121495,535,-0.019977091956747583,0.0
BEAR,PE_Rank,-0.022781974901208715,0.21864329508578728,0.26725057490074156,0.4654205607476635,535,-0.0852457467095228,0.0
BEAR,Momentum_ATR,-0.010354669617010922,0.21725465217305362,0.2637595607389898,0.47102803738317756,535,-0.039257987648833204,0.0
BEAR,Momentum_ATR_Z,-0.010354669617010922,0.21725465217305362,0.2637595607389898,0.47102803738317756,535,-0.039257987648833204,0.0
BEAR,PE_Z,-0.02418055509635559,0.2153214864809756,0.26455065860487215,0.4785046728971963,535,-0.09140236177249078,0.0
BEAR,PE,-0.027012189272170615,0.21283003718429205,0.2607198330151771,0.4654205607476635,535,-0.10360619234898014,0.0
BEAR,Momentum,-0.013667683426390626,0.20970572785784958,0.2591570419241601,0.4897196261682243,535,-0.05273900053872101,0.0
BEAR,BB_Z200,-0.01178923550525186,0.20894502175464347,0.2519579084938721,0.4691588785046729,535,-0.046790495797229915,0.0
BEAR,Momentum_Rank,-0.019009529805835028,0.20679622992175517,0.25187193717651435,0.4523364485981308,535,-0.07547299609261338,0.0
BEAR,Price_to_MA20,-0.016766037368786013,0.2055127068551572,0.2496394967740962,0.4635514018691589,535,-0.06716099622968293,0.0
BEAR,Price_to_MA10,-0.02862190831330314,0.2037333764346423,0.24842804359300374,0.4635514018691589,535,-0.11521206617471075,0.0
BEAR,Return_10,-0.005798718838028446,0.20012184296027993,0.24807528394335826,0.4766355140186916,535,-0.023374834939129212,0.0
BEAR,Return_10_Z,-0.005798718838028446,0.20012184296027993,0.24807528394335826,0.4766355140186916,535,-0.023374834939129212,0.0
BEAR,BB_Z50,-0.02527070869232929,0.1965352577345587,0.23919641646315584,0.45794392523364486,535,-0.10564835778203834,0.0
BEAR,Momentum_Z,-0.0020207693664247876,0.19207530368539788,0.23773636071993576,0.4747663551401869,535,-0.008500043290833844,0.0
BEAR,Momentum_Vol,-0.015811486148723398,0.19181456153007173,0.23467992004267132,0.4542056074766355,535,-0.06737468667312374,0.0
BEAR,Momentum_Vol_Z,-0.015811486148723398,0.19181456153007173,0.23467992004267132,0.4542056074766355,535,-0.06737468667312374,0.0
BEAR,Return_5,-0.01322304609333599,0.1909489897991852,0.23070732276262876,0.48785046728971965,535,-0.0573152420030713,0.0
BEAR,Return_5_Z,-0.01322304609333599,0.1909489897991852,0.23070732276262876,0.48785046728971965,535,-0.0573152420030713,0.0
BEAR,Trend_Z,-0.027485980815177113,0.19084243260553058,0.22962628545622735,0.47102803738317756,535,-0.11969875591929083,0.0
BEAR,RSI,-0.006739976787882385,0.18972937720021174,0.23376877782874825,0.4897196261682243,535,-0.028831809027927903,0.0
BEAR,RSI_Z,-0.006739976787882385,0.18972937720021174,0.23376877782874825,0.4897196261682243,535,-0.028831809027927903,0.0
BEAR,Volume_MA,-0.03236611537466981,0.18915125861962856,0.23310301968567837,0.4355140186915888,535,-0.13884897449833156,0.0
BEAR,Range_Position,-0.007673206064167938,0.18885573747833373,0.2302318570109703,0.48411214953271026,535,-0.033328168093063465,0.0
BEAR,Range_Position_Z,-0.007673206064167938,0.18885573747833373,0.2302318570109703,0.48411214953271026,535,-0.033328168093063465,0.0
BEAR,BB_Z10,-0.03228380533459271,0.18835902164110985,0.22756814284984164,0.4392523364485981,535,-0.14186434352558075,0.0
BEAR,MACD_Signal,-0.01159324657056953,0.18813527234732122,0.22927892923041818,0.4616822429906542,535,-0.050563942176974914,0.0
BEAR,BB_Z20,-0.02488391205728073,0.18712749581773594,0.2297107817172002,0.4635514018691589,535,-0.10832713973168435,0.0
BEAR,Gap,-0.008860643888145196,0.18710475100137722,0.23387130787313298,0.4766355140186916,535,-0.03788683584505779,0.0
BEAR,Gap_Z,-0.008860643888145196,0.18710475100137722,0.23387130787313298,0.4766355140186916,535,-0.03788683584505779,0.0
BEAR,Return_Lag3,-0.008571529620186326,0.1850504748174657,0.2269668342336064,0.4897196261682243,535,-0.03776555993902831,0.0
BEAR,Regime_Score,-0.016611831127798054,0.1844330591220374,0.22593545663783204,0.45981308411214955,535,-0.07352467515048627,0.0
BEAR,Log_Return,-0.03221374683863131,0.18421609454794266,0.2273102026288947,0.45794392523364486,535,-0.14171711750882632,0.0
BEAR,Return,-0.03221374683863131,0.18421609454794266,0.2273102026288947,0.45794392523364486,535,-0.14171711750882632,0.0
BEAR,Return_Lag1,-0.03221374683863131,0.18421609454794266,0.2273102026288947,0.45794392523364486,535,-0.14171711750882632,0.0
BEAR,Return_Rank,-0.03221374683863131,0.18421609454794266,0.2273102026288947,0.45794392523364486,535,-0.14171711750882632,0.0
BEAR,Return_Z,-0.03221374683863131,0.18421609454794266,0.2273102026288947,0.45794392523364486,535,-0.14171711750882632,0.0
BEAR,PE_Change,-0.0398242715013376,0.18247673364694636,0.2225262798058502,0.41869158878504675,535,-0.17896435134366664,0.0
BEAR,Return_Lag2,-0.02279316075219068,0.18038679540458671,0.2219954289536575,0.45794392523364486,535,-0.10267400890616915,0.0
BEAR,MACD,-0.008533089675551555,0.177147316557354,0.21818691794144257,0.48785046728971965,535,-0.039109080035369496,0.0
BEAR,MACD_Z,-0.008533089675551555,0.177147316557354,0.21818691794144257,0.48785046728971965,535,-0.039109080035369496,0.0
BEAR,Volume_Change,-0.006011870842541225,0.16868226409026452,0.21103467450785246,0.48785046728971965,535,-0.02848759725421298,0.0
BEAR,Volume_Change_Z,-0.006085731197637649,0.1685805306908777,0.21088431285759998,0.4897196261682243,535,-0.02885815016922999,0.0
BULL,EPS,0.05965483197448552,0.22624255934041937,0.27222985943053085,0.5602968460111317,539,0.21913405046801826,0.049577448416517074
BULL,Value_Score,0.049075067061509825,0.18006319564677511,0.2183790238823997,0.588126159554731,539,0.22472427051058347,0.04046457028752601
BULL,Trend_Strength,0.04815791756616634,0.1901179542103652,0.2395771763526145,0.5769944341372912,539,0.2010121251878953,0.038216014012200476
BULL,Trend_Strength_Z,0.04815791756616634,0.1901179542103652,0.2395771763526145,0.5769944341372912,539,0.2010121251878953,0.038216014012200476
BULL,Value_Rank,0.038365898207028286,0.18741082453171623,0.22920846689928046,0.5602968460111317,539,0.16738429674372746,0.03136962906640343
BULL,Price_to_MA200,0.037329961010585624,0.19146721282875,0.23898965291615187,0.5695732838589982,539,0.1561990671934385,0.029907000041978316
BULL,Trend,0.03635547075257411,0.19242603630905192,0.23985720950661588,0.5677179962894249,539,0.151571306427627,0.029166265714052987
BULL,Low_20,0.032608167332461004,0.2575545784290392,0.31207571865737943,0.5250463821892394,539,0.10448799851606763,0.026911362408699874
BULL,EMA_M,0.03255685676023052,0.25618428931390963,0.3101533920946855,0.5231910946196661,539,0.104970177612377,0.026891710350781667
BULL,MA20,0.03251798348513543,0.25645780976867744,0.31077962684683696,0.5213358070500927,539,0.10463357495608247,0.02683409746150365
BULL,SMA_S,0.03239445962083752,0.25666547274834983,0.3106701404060412,0.5213358070500927,539,0.10427284538586683,0.0267632391557791
BULL,EMA50,0.03237974270517004,0.2559167235195467,0.31004736455946724,0.5194805194805194,539,0.1044348261006578,0.02672661851701398
BULL,MA10,0.03225627434725496,0.2571632007728827,0.3110614379198498,0.5231910946196661,539,0.10369743822719964,0.02666716512645494
BULL,Close_Lag5,0.03218033085390493,0.2564000750208001,0.310515879553555,0.5213358070500927,539,0.10363505659207262,0.02657203628499228
BULL,EMA10,0.032130820893863696,0.2569960402752327,0.31096209131554015,0.5213358070500927,539,0.10332713114516812,0.026554663557307876
BULL,EMA20,0.03213159862759874,0.256489481325379,0.3105157564733697,0.5213358070500927,539,0.10347815804598706,0.026541059085720818
BULL,MA50,0.03208860499378294,0.25637244231588535,0.31059220622165257,0.5213358070500927,539,0.10331426303584965,0.02648692994056657
BULL,EMA_S,0.03187516074040802,0.2567967801804606,0.3106517026980547,0.5231910946196661,539,0.10260739072395314,0.026349247560629625
BULL,Close_Lag3,0.031852782132950674,0.2568511388973421,0.3110213829887216,0.5194805194805194,539,0.10241347949922867,0.026305018847816483
BULL,High_20,0.03161021817003826,0.2556808108852072,0.30939914820196035,0.5231910946196661,539,0.1021664676569769,0.026122005295813152
BULL,Close_Lag2,0.031348057854952156,0.2572881325573628,0.3112921963313311,0.5250463821892394,539,0.10070299905906771,0.025909686570833396
BULL,BB_Z200,0.03246284252132243,0.18020320714557803,0.22583831602538132,0.562152133580705,539,0.14374373201547558,0.0259030815162632
BULL,Close_Lag1,0.0305229440768396,0.2571418004416754,0.31111283834153336,0.5287569573283859,539,0.09810891810650131,0.025227903841290634
BULL,SMA_L,0.030202374246791012,0.2579772780715972,0.31036242489482974,0.5102040816326531,539,0.09731324325008811,0.02510460561397696
BULL,EMA200,0.028361652710555813,0.2549656730970609,0.3073997049191666,0.5139146567717996,539,0.09226310944491843,0.023523925801651427
BULL,MA200,0.028311967533651148,0.25467117475570916,0.307103925284254,0.5139146567717996,539,0.09219018420313427,0.023478182511957425
BULL,ATR_14,0.01988549611272209,0.24201220237530455,0.29115503913257595,0.5176252319109462,539,0.06829864976291439,0.01652910664838248
BULL,ATR,0.01944233720186874,0.24226214457179043,0.2917895219151824,0.5194805194805194,539,0.06663137527223775,0.016142259869220084
BULL,ATR_Z,0.01944233720186874,0.24226214457179043,0.2917895219151824,0.5194805194805194,539,0.06663137527223775,0.016142259869220084
BULL,Return_Lag10,0.017810510355052284,0.173522685936028,0.21645155842103447,0.5417439703153989,539,0.08228404730689819,0.014278148898380163
BULL,EMA_Spread,0.012894414618026186,0.1795908793092276,0.22158961331393082,0.5083487940630798,539,0.05819051880183513,0.010450486439081712
BULL,EMA_Spread_Z,0.012894414618026186,0.1795908793092276,0.22158961331393082,0.5083487940630798,539,0.05819051880183513,0.010450486439081712
BULL,Gap,0.0100397732546331,0.18304844926658898,0.22724374110887632,0.5213358070500927,539,0.04418063688558198,0.008087197069516043
BULL,Gap_Z,0.0100397732546331,0.18304844926658898,0.22724374110887632,0.5213358070500927,539,0.04418063688558198,0.008087197069516043
BULL,Reversal,0.00941071387195263,0.18334825812548428,0.22997391814783466,0.48794063079777367,539,0.04092078748244108,0.007502755106028693
BULL,MACD_Signal,0.007547374732110714,0.19079504063412223,0.23493434446012207,0.5176252319109462,539,0.03212546346652329,0.006129379107485321
BULL,Reversal_5,0.006874189568982362,0.1850094040573227,0.23142299645114636,0.5027829313543599,539,0.029704003684566875,0.005495520019798235
BULL,RSI,0.006026000687051929,0.18100318929005468,0.2270239576130344,0.5139146567717996,539,0.02654345701602065,0.004804450374683216
BULL,RSI_Z,0.006026000687051929,0.18100318929005468,0.2270239576130344,0.5139146567717996,539,0.02654345701602065,0.004804450374683216
BULL,Return_10,0.0055818430890264255,0.18655242033126093,0.23492811897928406,0.5324675324675324,539,0.02375979124814276,0.004432446563906543
BULL,Return_10_Z,0.0055818430890264255,0.18655242033126093,0.23492811897928406,0.5324675324675324,539,0.02375979124814276,0.004432446563906543
BULL,Momentum_ATR,0.004545239917278612,0.18270652548647096,0.22734763498643681,0.5120593692022264,539,0.01999246615236313,0.003652754026604142
BULL,Momentum_ATR_Z,0.004545239917278612,0.18270652548647096,0.22734763498643681,0.5120593692022264,539,0.01999246615236313,0.003652754026604142
BULL,Price_to_MA50,0.0015963452321552686,0.18441512860172202,0.22511931768930435,0.5064935064935064,539,0.0070911072468127214,0.001307707454849571
BULL,Return_Lag5,0.0012821494399115972,0.17365972280805597,0.21620299867345946,0.4972170686456401,539,0.005930303658358495,0.0010298548894781365
BULL,Volatility,-0.05354949325097598,0.22140731141472753,0.27070206481173725,0.42857142857142855,539,-0.19781708384973154,0.0
BULL,Volatility_Rank,-0.03946531032635924,0.21077068997563797,0.25725249023000574,0.437847866419295,539,-0.15341079939658922,0.0
BULL,Volatility_Z,-0.03946531032635924,0.21077068997563797,0.25725249023000574,0.437847866419295,539,-0.15341079939658922,0.0
BULL,Volume_MA,-0.00757664673597048,0.2087668023520903,0.25446745179919616,0.48608534322820035,539,-0.029774521859773233,0.0
BULL,Vol_Regime,-0.04043675987025532,0.2061626932946498,0.25149456634048384,0.437847866419295,539,-0.1607858185481611,0.0
BULL,MACD,-0.005635423821438568,0.1917665175143454,0.23776803007465716,0.5009276437847866,539,-0.02370135209501353,0.0
BULL,MACD_Z,-0.005635423821438568,0.1917665175143454,0.23776803007465716,0.5009276437847866,539,-0.02370135209501353,0.0
BULL,Momentum_Z,-0.02980089195294039,0.18975691209521395,0.23157995567674813,0.44712430426716143,539,-0.12868510893858612,0.0
BULL,Regime_Strength,-0.026252975829632676,0.18823379789080807,0.2292538744258199,0.45640074211502785,539,-0.11451486166098597,0.0
BULL,PE_Rank,-0.03889495235624917,0.18788777658801867,0.22953155366781533,0.4397031539888683,539,-0.16945361788072696,0.0
BULL,PE_Z,-0.043346010659240104,0.18762875061904313,0.22923131739521288,0.4230055658627087,539,-0.1890928820838877,0.0
BULL,Reversal_10,-0.0055818430890264255,0.18655242033126093,0.23492811897928406,0.46382189239332094,539,-0.02375979124814276,0.0
BULL,PE,-0.04494767977771802,0.18607268516186976,0.22590407793721612,0.4267161410018553,539,-0.19896798671886753,0.0
BULL,Return_5,-0.006874189568982362,0.1850094040573227,0.23142299645114636,0.4972170686456401,539,-0.029704003684566875,0.0
BULL,Return_5_Z,-0.006874189568982362,0.1850094040573227,0.23142299645114636,0.4972170686456401,539,-0.029704003684566875,0.0
BULL,Price_to_MA10,-0.020784817594746482,0.18428516315524723,0.22710728127599372,0.4712430426716141,539,-0.09151982000069724,0.0
BULL,Log_Return,-0.014017316365751669,0.1836130543319335,0.22816848812890272,0.47866419294990725,539,-0.061434058748719905,0.0
BULL,Return,-0.014017316365751669,0.1836130543319335,0.22816848812890272,0.47866419294990725,539,-0.061434058748719905,0.0
BULL,Return_Lag1,-0.014017316365751669,0.1836130543319335,0.22816848812890272,0.47866419294990725,539,-0.061434058748719905,0.0
BULL,Return_Rank,-0.014017316365751669,0.1836130543319335,0.22816848812890272,0.47866419294990725,539,-0.061434058748719905,0.0
BULL,Return_Z,-0.014017316365751669,0.1836130543319335,0.22816848812890272,0.47866419294990725,539,-0.061434058748719905,0.0
BULL,Momentum_Rank,-0.00941071387195263,0.18334825812548428,0.22997391814783466,0.5120593692022264,539,-0.04092078748244108,0.0
BULL,Momentum,-0.008743047686524142,0.18254594852463094,0.22854570895482965,0.5027829313543599,539,-0.038255138056418295,0.0
BULL,Price_to_MA20,-0.00947140711216786,0.18179782136176423,0.22800768653990042,0.49165120593692024,539,-0.041539858652837755,0.0
BULL,MACD_Hist,-0.016190732625439037,0.18151239702801467,0.22787114576767872,0.47680890538033394,539,-0.07105214001466346,0.0
BULL,MACD_Hist_Z,-0.016190732625439037,0.18151239702801467,0.22787114576767872,0.47680890538033394,539,-0.07105214001466346,0.0
BULL,Momentum_Vol,-0.0045302509175690715,0.18128947797016495,0.2271827408300358,0.5306122448979592,539,-0.019940999395800615,0.0
BULL,Momentum_Vol_Z,-0.0045302509175690715,0.18128947797016495,0.2271827408300358,0.5306122448979592,539,-0.019940999395800615,0.0
BULL,Return_Lag2,-0.003642669255739901,0.18115662021024365,0.22545044512946244,0.49907235621521334,539,-0.016157294510954916,0.0
BULL,BB_Z50,-0.0031140543783911433,0.18104563487111844,0.22158735396531082,0.48794063079777367,539,-0.0140533938810662,0.0
BULL,BB_Z10,-0.023414902994818913,0.17945683259989859,0.2206637826669428,0.44712430426716143,539,-0.10611121864093483,0.0
BULL,PE_Change,-0.024501367629821063,0.178723042672826,0.22163070033987345,0.48237476808905383,539,-0.1105504223092626,0.0
BULL,Regime_Score,-0.0327005188520243,0.17783650297425146,0.22056558226924106,0.4675324675324675,539,-0.1482575765780615,0.0
BULL,Volume_Ratio,-0.013473063228242963,0.17732753783872418,0.21853346754235276,0.4601113172541744,539,-0.06165217308868103,0.0
BULL,Volume_Ratio_Z,-0.013473063228242963,0.17732753783872418,0.21853346754235276,0.4601113172541744,539,-0.06165217308868103,0.0
BULL,Return_Lag3,-2.2599530918581286e-05,0.17729116244347648,0.22001248127931466,0.47866419294990725,539,-0.00010271931248832636,0.0
BULL,Trend_Z,-0.02604616038681311,0.17524115172181795,0.219857825889119,0.48794063079777367,539,-0.11846819717702833,0.0
BULL,BB_Z20,-0.015353393086501804,0.17315375327185295,0.2179002960379207,0.4712430426716141,539,-0.07046063403864883,0.0
BULL,Range_Position,-0.009455538749277142,0.17235195240027504,0.2154933424139524,0.4935064935064935,539,-0.04387856533978177,0.0
BULL,Range_Position_Z,-0.009455538749277142,0.17235195240027504,0.2154933424139524,0.4935064935064935,539,-0.04387856533978177,0.0
BULL,Vol_Z,-0.020943818968812013,0.167392160692301,0.21051434262001648,0.4489795918367347,539,-0.0994887978114029,0.0
BULL,Volume_Change,-0.0059441870474332605,0.16565403301085485,0.20452248374128343,0.47680890538033394,539,-0.029063733774565326,0.0
BULL,Volume_Change_Z,-0.005733601269735054,0.16559896222979467,0.20456825169600007,0.47680890538033394,539,-0.028027815627166296,0.0
SIDEWAYS,BB_Z200,0.03852188675447756,0.21245790146759727,0.2615982951972926,0.5632342778161714,1447,0.1472558778648354,0.03128567478993174
SIDEWAYS,Trend,0.03681460416058609,0.2245189503341236,0.2731638806607193,0.5649038461538461,1248,0.13477112690290194,0.03025867194758651
SIDEWAYS,Trend_Strength,0.036233176887993726,0.2250248516843422,0.2744804563639855,0.5590877677954388,1447,0.1320063994207985,0.02970472045104922
SIDEWAYS,Trend_Strength_Z,0.03623163803474716,0.22502499158009187,0.2744806602063973,0.5583966827919834,1447,0.1320006949688254,0.02970345527392621
SIDEWAYS,EPS,0.03559767035183041,0.22828877370723305,0.27646389494373314,0.5507947477539737,1447,0.12876064786078023,0.02939461040188638
SIDEWAYS,Price_to_MA200,0.03419500922672526,0.225593111397527,0.2744881335557915,0.55286800276434,1447,0.1245773675501988,0.02810379595536266
SIDEWAYS,Value_Score,0.029105723320397132,0.18547295495130053,0.22982554150825857,0.5321354526606773,1447,0.12664268297920475,0.023488792635113876
SIDEWAYS,EMA_Spread_Z,0.024077790647581615,0.21815427199701423,0.27111760981092997,0.5452660677263304,1447,0.08880939373714386,0.019374148637222813
SIDEWAYS,EMA_Spread,0.02407009638134881,0.21816196626324705,0.27112020498545897,0.5452660677263304,1447,0.0887801641115593,0.019368455167751535
SIDEWAYS,Value_Rank,0.023253591038021163,0.19015480712448293,0.2337553350351363,0.5217691776088459,1447,0.09947833248403734,0.018916283126567304
SIDEWAYS,EMA200,0.017708917181605652,0.24050141570003883,0.2908419118005649,0.5279889426399447,1447,0.06088846346485469,0.014643761663097644
SIDEWAYS,MA50,0.01756267855483572,0.24133139939337842,0.29163298865583964,0.5231513476157568,1447,0.060221851360374876,0.014533423662859299
SIDEWAYS,MA200,0.01746100052512707,0.23995658946046552,0.29012783271781717,0.5266067726330339,1447,0.06018381725522381,0.01444150352927542
SIDEWAYS,Low_20,0.01728206448951067,0.24405641031069802,0.2944077061046291,0.5245335176226675,1447,0.05870112796798769,0.014326386573055995
SIDEWAYS,EMA50,0.01721586510021743,0.24223084221917718,0.2926330369498373,0.5217691776088459,1447,0.05883090036870186,0.014250658544823153
SIDEWAYS,Close_Lag2,0.017122196344181363,0.2438964504231716,0.2942036355196078,0.525224602626123,1447,0.058198452428171184,0.014194395967352764
SIDEWAYS,Close_Lag3,0.01709239758752843,0.24386442728473845,0.2941503540136596,0.5293711126468555,1447,0.058107689813036954,0.014170398497095487
SIDEWAYS,MA20,0.017055859073991455,0.2429184924734023,0.29303150665141114,0.5210780926053905,1447,0.05820486407994399,0.014139037836919279
SIDEWAYS,High_20,0.017047282329717625,0.24199788350699325,0.29237453523765206,0.5217691776088459,1447,0.058306316784923456,0.014110005257039752
SIDEWAYS,Close_Lag1,0.016963097068115166,0.24383770446329853,0.29442951866516376,0.5259156876295784,1447,0.057613438650466274,0.014048328626766776
SIDEWAYS,EMA20,0.016909467865295458,0.24297178555414645,0.293196613280162,0.5238424326192122,1447,0.0576727937558574,0.014012861676756699
SIDEWAYS,MA10,0.01689053101963935,0.24355613514113278,0.2936792063214966,0.5259156876295784,1447,0.05751354062035771,0.014007775671776872
SIDEWAYS,EMA10,0.016828195651368522,0.24355506499561097,0.29373559759338025,0.5238424326192122,1447,0.05729028327500706,0.013953338666661309
SIDEWAYS,Close_Lag5,0.01671727943805712,0.24390549603290182,0.29409612469685587,0.5272978576364893,1447,0.05684290943461361,0.013864298021602748
SIDEWAYS,EMA_S,0.016642894972288814,0.243190454713251,0.2933938123438167,0.5231513476157568,1447,0.05672544619332398,0.013795087053566512
SIDEWAYS,EMA_M,0.01662106789894445,0.24172234385851651,0.2921424920902008,0.5210780926053905,1447,0.05689370184779175,0.013752478961435834
SIDEWAYS,SMA_S,0.015860048354750456,0.24219100128610752,0.29213475489304613,0.5224089635854342,1428,0.05429017956547765,0.013148592948965606
SIDEWAYS,Regime_Strength,0.014628439286596793,0.18098790090138417,0.22212639450920965,0.5329619312906221,1077,0.06585637538961586,0.01191920714274015
SIDEWAYS,Price_to_MA50,0.014651217327941111,0.2162218109912529,0.26808596910525373,0.5210780926053905,1447,0.054651190146910215,0.011816779306392243
SIDEWAYS,ATR_14,0.0137490190294411,0.22638648621591215,0.2764496212251027,0.5286800276434002,1447,0.04973426593524437,0.011259165709607707
SIDEWAYS,ATR,0.013489002052614954,0.22729969036964423,0.2775009584819369,0.5321354526606773,1447,0.04860884833622703,0.0110487761760494
SIDEWAYS,ATR_Z,0.013484534210879442,0.2272952225279087,0.27749745839343953,0.5321354526606773,1447,0.048593360963931895,0.011045038793675892
SIDEWAYS,BB_Z50,0.012877168105516661,0.20137047418670184,0.2506004157040177,0.5148583275742916,1447,0.05138526214314235,0.010347474603972555
SIDEWAYS,Return_Lag5,0.011763543401234759,0.193498847799678,0.2379949875137467,0.5207756232686981,1444,0.04942769372874963,0.009564201785908423
SIDEWAYS,Momentum_ATR,0.0111367030158808,0.20230374318511563,0.25387016471183,0.5134761575673807,1447,0.043867710822397925,0.008874602104333306
SIDEWAYS,Momentum_ATR_Z,0.011020314793429214,0.20237425568424633,0.25391910671770557,0.5134761575673807,1447,0.04340088815088718,0.00878322243557102
SIDEWAYS,Return_5,0.008517899765900937,0.20140170720822054,0.24647077778553836,0.5127850725639254,1447,0.034559471138412796,0.006960336487489562
SIDEWAYS,Return_5_Z,0.008497695542808707,0.20138150298512833,0.24645503799121693,0.5127850725639254,1447,0.03447969892436058,0.006943573591862446
SIDEWAYS,SMA_L,0.008115445710125803,0.2390874520428345,0.28886929569957487,0.5168269230769231,1248,0.028093832757054467,0.006716882892001673
SIDEWAYS,Momentum_Vol,0.00619036670775724,0.19084900342891112,0.23935882760221633,0.5162404975812025,1447,0.025862286943444376,0.004935791689548899
SIDEWAYS,Momentum_Vol_Z,0.0061630555285164795,0.19082169224967035,0.23935437481077673,0.5162404975812025,1447,0.025748664538260732,0.00491340374035999
SIDEWAYS,MACD,0.005213726909688557,0.19728277140856654,0.24356798630940504,0.5065653075328266,1447,0.02140563284724912,0.004222962571859551
SIDEWAYS,MACD_Z,0.005213726909688557,0.19728277140856654,0.24356798630940504,0.5065653075328266,1447,0.02140563284724912,0.004222962571859551
SIDEWAYS,MACD_Signal,0.005022957452412933,0.20221868230987514,0.24715114749493997,0.5065653075328266,1447,0.020323423471834568,0.004109775914499974
SIDEWAYS,Momentum_Rank,0.004569697895304193,0.19942619286474378,0.2523296057835361,0.5162404975812025,1447,0.018110034543922394,0.0036116152417434394
SIDEWAYS,Trend_Z,0.004372142347832376,0.19716492966713212,0.24497699956493638,0.49398625429553267,1164,0.01784715437673687,0.0035188329374477743
SIDEWAYS,Return_10,0.004226681104361534,0.20319474744254673,0.25234887984900023,0.5141672425708362,1447,0.016749355456387706,0.003403381051786142
SIDEWAYS,Return_10_Z,0.004180752447513734,0.20320030042158388,0.2523454213211179,0.5134761575673807,1447,0.016567577921796365,0.0033665368109670217
SIDEWAYS,Volume_Change_Z,0.004054852051146382,0.1790735707085711,0.2247282458377825,0.5176960444136016,1441,0.018043357291321414,0.0032310884177274572
SIDEWAYS,Volume_Change,0.003755028176417056,0.17921468909496877,0.2248224326134774,0.5163081193615545,1441,0.01670219522164248,0.0029932787238501303
SIDEWAYS,Gap,0.003684779894755028,0.1834903236680637,0.2267963238926884,0.5069252077562327,1444,0.016247088203473002,0.0029811834731188406
SIDEWAYS,Gap_Z,0.0035684924148445805,0.18332181769640732,0.22665112285404704,0.5058742225293711,1447,0.015744428503882146,0.0028862972519228015
SIDEWAYS,BB_Z10,0.0016465531273238629,0.18568018107632409,0.23300255651522567,0.5162404975812025,1447,0.007066674052349267,0.0013121413176475727
SIDEWAYS,Price_to_MA10,0.0010818188531030468,0.19496672830229783,0.24471054510505427,0.4906703524533518,1447,0.004420810097161165,0.0008619108810892758
SIDEWAYS,Price_to_MA20,0.00041353257934279367,0.20636810825249188,0.25946006615782474,0.5010366275051832,1447,0.0015938197498856323,0.0003289135666793577
SIDEWAYS,Volatility,-0.02087554570113085,0.2260593602054879,0.27457709790403106,0.47792571829011915,1427,-0.07602799280950658,0.0
SIDEWAYS,Volatility_Rank,-0.020254124276948397,0.2180343094601211,0.2662555813174633,0.4754664823773324,1447,-0.07607023334744166,0.0
SIDEWAYS,Volatility_Z,-0.02025111530268274,0.21803130048585545,0.26625417987453814,0.4754664823773324,1447,-0.07605933261279109,0.0
SIDEWAYS,Momentum,-0.004104832732295484,0.21282655064872422,0.2640616418868822,0.4968465311843027,1427,-0.015544979147364834,0.0
SIDEWAYS,Reversal_10,-0.004226681104361534,0.20319474744254673,0.25234887984900023,0.48306841741534207,1447,-0.016749355456387706,0.0
SIDEWAYS,Vol_Regime,-0.019655377534310212,0.2018605376452475,0.24743635509567044,0.4554250172771251,1447,-0.07943609356545214,0.0
SIDEWAYS,Reversal_5,-0.008517899765900937,0.20140170720822054,0.24647077778553836,0.4865238424326192,1447,-0.034559471138412796,0.0
SIDEWAYS,RSI,-0.001027695439185697,0.20052291009220172,0.2503132303738175,0.5044920525224602,1447,-0.004105637698595876,0.0
SIDEWAYS,RSI_Z,-0.001037096181500272,0.20051608292755257,0.2503103855660513,0.5044920525224602,1447,-0.004143240700987074,0.0
SIDEWAYS,Regime_Score,-0.006906174724631928,0.1994925947855422,0.2483025855499779,0.4733676975945017,1164,-0.027813543227999626,0.0
SIDEWAYS,Reversal,-0.004603483045962033,0.1994599780154016,0.2523347163513143,0.4823773324118867,1447,-0.018243557978400608,0.0
SIDEWAYS,Return_Lag2,-0.00025214289254743197,0.19844859035984855,0.24397129892243372,0.5006925207756233,1444,-0.001033494073391404,0.0
SIDEWAYS,BB_Z20,-0.000762932892391676,0.1955692681849515,0.2454073963118568,0.5038009675190048,1447,-0.0031088422792005833,0.0
SIDEWAYS,Momentum_Z,-0.025802022433998675,0.19543845510256735,0.24268325946758987,0.46536144578313254,1328,-0.10631974526914069,0.0
SIDEWAYS,Log_Return,-0.011776275749633167,0.19481098528131988,0.24123294933337483,0.47991689750692523,1444,-0.04881702824327605,0.0
SIDEWAYS,Return,-0.011776275749633167,0.19481098528131988,0.24123294933337483,0.47991689750692523,1444,-0.04881702824327605,0.0
SIDEWAYS,Return_Lag1,-0.011776275749633167,0.19481098528131988,0.24123294933337483,0.47991689750692523,1444,-0.04881702824327605,0.0
SIDEWAYS,Return_Z,-0.011814666613946178,0.19477423623961382,0.24116767979858791,0.47991689750692523,1444,-0.04898942750050012,0.0
SIDEWAYS,Return_Rank,-0.011828927021683863,0.19476342866199958,0.2411478879425295,0.47991689750692523,1444,-0.04905258376324803,0.0
SIDEWAYS,Return_Lag3,-0.0011051329055484565,0.1946515296705138,0.2432192955071323,0.4979224376731302,1444,-0.004543771491075129,0.0
SIDEWAYS,Range_Position,-0.001154139428901137,0.19433478394446085,0.24392191815592537,0.5065653075328266,1447,-0.004731593753013076,0.0
SIDEWAYS,Range_Position_Z,-0.0011654546004389108,0.1943267456103032,0.24390525494912552,0.5065653075328266,1447,-0.004778308675242344,0.0
SIDEWAYS,Volume_MA,-0.008100704464157196,0.1912529827257515,0.23786133108772312,0.48997926744989634,1447,-0.034056415950658434,0.0
SIDEWAYS,PE_Rank,-0.023232900383890285,0.19011798330670712,0.233760364820654,0.4782308223911541,1447,-0.09938767978193133,0.0
SIDEWAYS,PE_Change,-0.032512508879336745,0.18943181198618567,0.23400277335449032,0.44944598337950137,1444,-0.13894069832729253,0.0
SIDEWAYS,PE,-0.02539491445159065,0.1892529404866996,0.23299043264969888,0.4782308223911541,1447,-0.10899552421011373,0.0
SIDEWAYS,PE_Z,-0.02422152785028679,0.1890307610553208,0.2326037762557815,0.48030407740152037,1447,-0.10413213463705585,0.0
SIDEWAYS,Return_Lag10,-0.0012427921402116092,0.1874880336100217,0.233738941031972,0.5076177285318559,1444,-0.00531700934986526,0.0
SIDEWAYS,MACD_Hist,-0.0009746916936396204,0.18467137605440812,0.22893107682945305,0.4941257774706289,1447,-0.0042575770091194745,0.0
SIDEWAYS,MACD_Hist_Z,-0.0010032228646434207,0.18463858499481023,0.22890431649890872,0.4941257774706289,1447,-0.004382717091599653,0.0
SIDEWAYS,Volume_Ratio,-0.004356125800048008,0.18011879808429793,0.22532304991533395,0.4937673130193906,1444,-0.019332801426006074,0.0
SIDEWAYS,Volume_Ratio_Z,-0.004725730658534563,0.1800844962046318,0.2252680711575604,0.4937673130193906,1444,-0.020978253213039533,0.0
SIDEWAYS,Vol_Z,-0.002987250704821361,0.17758026271143676,0.22313425027450953,0.4917168674698795,1328,-0.013387683368907421,0.0
