Feature,Mean_IC,Abs_IC,IC_Std,Positive_IC_Pct,Observations,ICIR,Alpha_Score,Global_Weight,Rolling_IC,Rolling_ICIR,Rolling_Rank,Rolling_Weight,IC_Volatility,IC_FlipRate,Rolling_IC_Volatility,Rolling_ICIR_Volatility,Stability_Score,Stability_Multiplier,Stability_Weight,Stability_Rank,Cluster_ID,Cluster_Size,Representative,Dropped_By_Cluster,Cluster_Weight,Diversification_Multiplier,Regime,Regime_Mean_IC,Regime_Abs_IC,Regime_ICIR,Regime_Alpha_Score,Regime_Positive_IC_Pct,Regime_Observations,Regime_Weight,Historical_IC,Recent_IC,IC_Delta,Historical_ICIR,Recent_ICIR,ICIR_Delta,Recent_Positive_Pct,IC_Trend,Decay_Score,Decay_Multiplier,Decay_Weight,Feature_Rank,Use_Feature,Rolling_Component,Stability_Component,Regime_Component,Decay_Component,Diversification_Component,Rolling_Contribution,Stability_Contribution,Regime_Contribution,Decay_Contribution,Diversification_Contribution,Final_IC_Score,Adaptive_Weight,Adaptive_Score
Trend_Strength_Z,0.03512432731690704,0.21981070387170928,0.2694613547915471,0.5580933465739821,3021,0.13035014692080338,0.1659438809876113,0.0,,,,1.0,,,,,,1.0,1.0,,,,,,1.0,1.0,,,,,,,,1.0,0.03512432731690704,0.09025641025641026,0.055132082939503224,0.1303717262846524,0.517914998161867,0.3875432718772146,0.7,1.6338255240474347e-05,,1.0,1.0,,False,1.0,1.0,1.0,1.0,1.0,1.0,1.0,1.0,1.0,1.0,0.0,0.0,0.0
Trend,0.032529946754182915,0.21855679970405617,0.2687159713102572,0.5602409638554217,2822,0.12105698993070686,0.16037647306645691,0.0,,,,1.0,,,,,,1.0,1.0,,,,,,1.0,1.0,,,,,,,,1.0,0.032529946754182915,0.05610898905016551,0.023579042295982594,0.12107844442613099,0.2824804480453064,0.16140200361917545,0.6166666666666667,9.869851536579288e-06,,1.0,1.0,,False,1.0,1.0,1.0,1.0,1.0,1.0,1.0,1.0,1.0,1.0,0.0,0.0,0.0
BB_Z200,0.029781534784349317,0.20567953586976503,0.25343003813569315,0.552466070837471,3021,0.11751383098040517,0.15643697810014828,0.0,,,,1.0,,,,,,1.0,1.0,,,,,,1.0,1.0,,,,,,,,1.0,0.029781534784349317,0.06471659919028341,0.034935064405934094,0.11753328530228609,0.4017734174848696,0.28424013218258354,0.6333333333333333,1.2045188447024789e-05,,1.0,1.0,,False,1.0,1.0,1.0,1.0,1.0,1.0,1.0,1.0,1.0,1.0,0.0,0.0,0.0
Price_to_MA200,0.030652725828236818,0.21849570765668927,0.26815119419818323,0.551142005958292,3021,0.11431135261426757,0.15473836258006202,0.0,,,,1.0,,,,,,1.0,1.0,,,,,,1.0,1.0,,,,,,,,1.0,0.030652725828236818,0.07072537112010796,0.04007264529187114,0.1143302767683891,0.3953131033288752,0.2809828265604861,0.65,1.7158000280298897e-05,,1.0,1.0,,False,1.0,1.0,1.0,1.0,1.0,1.0,1.0,1.0,1.0,1.0,0.0,0.0,0.0
Value_Rank,0.025739703308705713,0.1928294036664021,0.2374549965213808,0.5312810327706058,3021,0.1083982378866887,0.1470330967458814,0.0,,,,1.0,,,,,,1.0,1.0,,,,,,1.0,1.0,,,,,,,,1.0,0.02573970330870571,-0.13608778115743717,-0.16182748446614287,0.10841618312932966,-0.9381534262644733,-1.0465696093938028,0.21666666666666667,1.613246123394198e-05,,1.0,1.0,,False,1.0,1.0,1.0,1.0,1.0,1.0,1.0,1.0,1.0,1.0,0.0,0.0,0.0
MA20,0.027193512909793452,0.24983939166043329,0.3026353568486217,0.5329361138695796,3021,0.08985570325657603,0.13751910774449178,0.0,,,,1.0,,,,,,1.0,1.0,,,,,,1.0,1.0,,,,,,,,1.0,0.027193512909793452,0.11664304993252364,0.08944953702273019,0.0898705787972722,0.6281564838356365,0.5382859050383643,0.7833333333333333,-5.455989115318132e-06,,1.0,1.0,,False,1.0,1.0,1.0,1.0,1.0,1.0,1.0,1.0,1.0,1.0,0.0,0.0,0.0
MA10,0.026967540427015154,0.25028719185091003,0.3031053946775581,0.5349222111883483,3021,0.08897083592567609,0.13726255356547865,0.0,,,,1.0,,,,,,1.0,1.0,,,,,,1.0,1.0,,,,,,,,1.0,0.026967540427015154,0.11865384615384617,0.09168630572683101,0.08898556497728466,0.6441758291338303,0.5551902641565456,0.7833333333333333,-4.817783255299036e-06,,1.0,1.0,,False,1.0,1.0,1.0,1.0,1.0,1.0,1.0,1.0,1.0,1.0,0.0,0.0,0.0
EMA20,0.027011919679941886,0.24998670920690844,0.30283745735237666,0.5339291625289639,3021,0.08919609822015895,0.13725080430441458,0.0,,,,1.0,,,,,,1.0,1.0,,,,,,1.0,1.0,,,,,,,,1.0,0.02701191967994189,0.1180161943319838,0.09100427465204192,0.08921086456376241,0.6368854969180167,0.5476746323542543,0.7833333333333333,-5.155624289352887e-06,,1.0,1.0,,False,1.0,1.0,1.0,1.0,1.0,1.0,1.0,1.0,1.0,1.0,0.0,0.0,0.0
Close_Lag3,0.02686102454438908,0.2504482083084318,0.30337470896189495,0.5365772922873221,3021,0.08854075063726613,0.1372423140569114,0.0,,,,1.0,,,,,,1.0,1.0,,,,,,1.0,1.0,,,,,,,,1.0,0.026861024544389083,0.11603957120967151,0.08917854666528242,0.088555408488595,0.6263518602945173,0.5377964518059223,0.7833333333333333,-4.56571167239423e-06,,1.0,1.0,,False,1.0,1.0,1.0,1.0,1.0,1.0,1.0,1.0,1.0,1.0,0.0,0.0,0.0
MA50,0.026934039486578566,0.24896095756103784,0.30193275937114256,0.5335981463091691,3021,0.08920542260293528,0.13718291622396334,0.0,,,,1.0,,,,,,1.0,1.0,,,,,,1.0,1.0,,,,,,,,1.0,0.026934039486578566,0.11269568151147098,0.08576164202489242,0.0892201904901828,0.6115267085618729,0.52230651807169,0.7666666666666667,-6.450023673043592e-06,,1.0,1.0,,False,1.0,1.0,1.0,1.0,1.0,1.0,1.0,1.0,1.0,1.0,0.0,0.0,0.0
Close_Lag5,0.026884881674196143,0.2504337990066462,0.3032938223968182,0.5355842436279378,3021,0.08864302402565244,0.13715676426055834,0.0,,,,1.0,,,,,,1.0,1.0,,,,,,1.0,1.0,,,,,,,,1.0,0.026884881674196146,0.11767398809415887,0.09078910641996273,0.08865769880825995,0.6372353034917396,0.5485776046834797,0.7833333333333333,-4.578687945440395e-06,,1.0,1.0,,False,1.0,1.0,1.0,1.0,1.0,1.0,1.0,1.0,1.0,1.0,0.0,0.0,0.0
EMA50,0.026887448778420996,0.2492948184220195,0.3022580304653099,0.5332671300893744,3021,0.08895528316674974,0.13698170988864483,0.0,,,,1.0,,,,,,1.0,1.0,,,,,,1.0,1.0,,,,,,,,1.0,0.02688744877842099,0.11520917678812416,0.08832172800970317,0.0889700096436112,0.6151815474215956,0.5262115377779844,0.7666666666666667,-6.217679695754953e-06,,1.0,1.0,,False,1.0,1.0,1.0,1.0,1.0,1.0,1.0,1.0,1.0,1.0,0.0,0.0,0.0
EMA10,0.02691917045458853,0.25030296088916354,0.30312162703780027,0.5322740814299901,3021,0.08880649866142715,0.13676043761466,0.0,,,,1.0,,,,,,1.0,1.0,,,,,,1.0,1.0,,,,,,,,1.0,0.026919170454588522,0.11764170040485834,0.09072252995026982,0.08882120050713142,0.6353015900917912,0.5464803895846598,0.7833333333333333,-4.716995550193287e-06,,1.0,1.0,,False,1.0,1.0,1.0,1.0,1.0,1.0,1.0,1.0,1.0,1.0,0.0,0.0,0.0
EMA_S,0.026753565330564978,0.2501403632359314,0.3029488896543216,0.5332671300893744,3021,0.08831049116166596,0.13658690925149194,0.0,,,,1.0,,,,,,1.0,1.0,,,,,,1.0,1.0,,,,,,,,1.0,0.026753565330564978,0.11729082321187585,0.09053725788131087,0.08832511089372046,0.6324338716643041,0.5441087607705837,0.7833333333333333,-5.002271837915317e-06,,1.0,1.0,,False,1.0,1.0,1.0,1.0,1.0,1.0,1.0,1.0,1.0,1.0,0.0,0.0,0.0
Close_Lag2,0.026675271517287557,0.25053942652787975,0.30342306046788303,0.5339291625289639,3021,0.08791444983858322,0.13644490324575162,0.0,,,,1.0,,,,,,1.0,1.0,,,,,,1.0,1.0,,,,,,,,1.0,0.026675271517287557,0.1153476531240233,0.08867238160673574,0.08792900400630957,0.6237401569343556,0.535811152928046,0.7833333333333333,-4.60865284041736e-06,,1.0,1.0,,False,1.0,1.0,1.0,1.0,1.0,1.0,1.0,1.0,1.0,1.0,0.0,0.0,0.0
EMA_M,0.02658098142504798,0.24920706980491958,0.30222624183664837,0.5335981463091691,3021,0.08795060672284125,0.13638685007145246,0.0,,,,1.0,,,,,,1.0,1.0,,,,,,1.0,1.0,,,,,,,,1.0,0.02658098142504798,0.11506072874493928,0.0884797473198913,0.08796516687631105,0.6165843318042653,0.5286191649279542,0.7666666666666667,-5.548798241213221e-06,,1.0,1.0,,False,1.0,1.0,1.0,1.0,1.0,1.0,1.0,1.0,1.0,1.0,0.0,0.0,0.0
SMA_S,0.026392806190646465,0.24979226351521963,0.302530906358271,0.533977348434377,3002,0.08724003250150864,0.13599646199818025,0.0,,,,1.0,,,,,,1.0,1.0,,,,,,1.0,1.0,,,,,,,,1.0,0.02639280619064646,0.116474358974359,0.09008155278371253,0.08725456645116599,0.6268014684982819,0.5395469020471159,0.7833333333333333,-4.986667599889328e-06,,1.0,1.0,,False,1.0,1.0,1.0,1.0,1.0,1.0,1.0,1.0,1.0,1.0,0.0,0.0,0.0
Close_Lag1,0.02627973855491004,0.2504248181022682,0.3035134445993815,0.5365772922873221,3021,0.0865850885222318,0.13599231409679882,0.0,,,,1.0,,,,,,1.0,1.0,,,,,,1.0,1.0,,,,,,,,1.0,0.02627973855491004,0.11543536559215699,0.08915562703724694,0.08659942261524234,0.6251226303147567,0.5385232076995143,0.7833333333333333,-4.629248660516698e-06,,1.0,1.0,,False,1.0,1.0,1.0,1.0,1.0,1.0,1.0,1.0,1.0,1.0,0.0,0.0,0.0
High_20,0.026274006734490585,0.24870927387620545,0.30145063553530616,0.5329361138695796,3021,0.08715857108967606,0.13575983320010596,0.0,,,,1.0,,,,,,1.0,1.0,,,,,,1.0,1.0,,,,,,,,1.0,0.026274006734490582,0.1165688259109312,0.09029481917644062,0.0871730001222723,0.6334854849107621,0.5463124847884897,0.7833333333333333,-5.67816068198696e-06,,1.0,1.0,,False,1.0,1.0,1.0,1.0,1.0,1.0,1.0,1.0,1.0,1.0,0.0,0.0,0.0
EMA200,0.025759198934371272,0.24840027023999686,0.30108501721183284,0.535253227408143,3021,0.08555456889670944,0.13507075668472301,0.0,,,,1.0,,,,,,1.0,1.0,,,,,,1.0,1.0,,,,,,,,1.0,0.025759198934371272,0.09920715249662616,0.07344795356225489,0.08556873238800962,0.5278706309723885,0.4423018985843789,0.7666666666666667,-7.793667405597266e-06,,1.0,1.0,,False,1.0,1.0,1.0,1.0,1.0,1.0,1.0,1.0,1.0,1.0,0.0,0.0,0.0
MA200,0.025833707473816435,0.24820226529632214,0.30074974297319973,0.5335981463091691,3021,0.08589768733475137,0.13503356222263355,0.0,,,,1.0,,,,,,1.0,1.0,,,,,,1.0,1.0,,,,,,,,1.0,0.02583370747381644,0.10144062078272602,0.07560691330890958,0.08591190762903787,0.5422148415521671,0.45630293392312926,0.75,-7.432167755527372e-06,,1.0,1.0,,False,1.0,1.0,1.0,1.0,1.0,1.0,1.0,1.0,1.0,1.0,0.0,0.0,0.0
SMA_L,0.023310125702511352,0.2492563287972149,0.3022960032967949,0.5287030474840538,2822,0.07711026732468954,0.1287091418619407,0.0,,,,1.0,,,,,,1.0,1.0,,,,,,1.0,1.0,,,,,,,,1.0,0.023310125702511356,0.1209116373822256,0.09760151167971425,0.07712393330035193,0.5867197105548662,0.5095957772545142,0.7333333333333333,-3.0363618071092913e-06,,1.0,1.0,,False,1.0,1.0,1.0,1.0,1.0,1.0,1.0,1.0,1.0,1.0,0.0,0.0,0.0
ATR_14,0.020405418169462657,0.23263311966945976,0.2836306970864146,0.5339291625289639,3021,0.071943616495439,0.12577998890267483,0.0,,,,1.0,,,,,,1.0,1.0,,,,,,1.0,1.0,,,,,,,,1.0,0.020405418169462657,0.11317139001349526,0.0927659718440326,0.07195552670431818,0.5730716020357491,0.501116075331431,0.7,-4.369185030382601e-06,,1.0,1.0,,False,1.0,1.0,1.0,1.0,1.0,1.0,1.0,1.0,1.0,1.0,0.0,0.0,0.0
EMA_Spread,0.018764676230329753,0.2099062673815966,0.26017354179306285,0.5335981463091691,3021,0.07212369109050731,0.12533715491525332,0.0,,,,1.0,,,,,,1.0,1.0,,,,,,1.0,1.0,,,,,,,,1.0,0.018764676230329756,0.06261470985155196,0.0438500336212222,0.07213563111058968,0.40057733771772686,0.3284417066071372,0.65,1.596315120402943e-05,,1.0,1.0,,False,1.0,1.0,1.0,1.0,1.0,1.0,1.0,1.0,1.0,1.0,0.0,0.0,0.0
ATR,0.019879402442537213,0.2321940821055859,0.28340121800572365,0.535253227408143,3021,0.0701457901708451,0.12483198943794742,0.0,,,,1.0,,,,,,1.0,1.0,,,,,,1.0,1.0,,,,,,,,1.0,0.019879402442537213,0.11092105263157893,0.09104165018904173,0.0701574027509964,0.5643585628873846,0.4942011601363882,0.7,-3.865718286229105e-06,,1.0,1.0,,False,1.0,1.0,1.0,1.0,1.0,1.0,1.0,1.0,1.0,1.0,0.0,0.0,0.0
ATR_Z,0.01987726243360266,0.23219194209665137,0.2833996253118454,0.535253227408143,3021,0.07013863318129519,0.12482741109101461,0.0,,,,1.0,,,,,,1.0,1.0,,,,,,1.0,1.0,,,,,,,,1.0,0.01987726243360266,0.11092105263157893,0.09104379019797627,0.07015024457661251,0.5643585628873846,0.4942083183107721,0.7,-3.869709840293681e-06,,1.0,1.0,,False,1.0,1.0,1.0,1.0,1.0,1.0,1.0,1.0,1.0,1.0,0.0,0.0,0.0
Return_Lag5,0.00998711638711732,0.1843894072494573,0.22841287889463574,0.5165672630881378,3018,0.04372396334096511,0.10452940421688668,0.0,,,,1.0,,,,,,1.0,1.0,,,,,,1.0,1.0,,,,,,,,1.0,0.009987116387117318,0.032997814287344364,0.023010697900227046,0.04373120900563486,0.1733367258126836,0.12960551680704874,0.5166666666666667,2.893477331956985e-06,,1.0,1.0,,False,1.0,1.0,1.0,1.0,1.0,1.0,1.0,1.0,1.0,1.0,0.0,0.0,0.0
Price_to_MA50,0.005787786186316035,0.20886747017027005,0.25733435491436785,0.5114200595829196,3021,0.02249130772201289,0.09081956404043984,0.0,,,,1.0,,,,,,1.0,1.0,,,,,,1.0,1.0,,,,,,,,1.0,0.005787786186316035,0.08213562753036438,0.07634784134404834,0.022495031140237987,0.4862509463345836,0.4637559151943456,0.6333333333333333,1.652027816388837e-05,,1.0,1.0,,False,1.0,1.0,1.0,1.0,1.0,1.0,1.0,1.0,1.0,1.0,0.0,0.0,0.0
Reversal,0.00532969300087886,0.19617195953955352,0.24563591640073512,0.4991724594505131,3021,0.021697531278310155,0.0884084190209112,0.0,,,,1.0,,,,,,1.0,1.0,,,,,,1.0,1.0,,,,,,,,1.0,0.00532969300087886,-0.03318151147098516,-0.03851120447186402,0.02170112328747142,-0.18845533481448096,-0.21015645810195238,0.4666666666666667,-1.9001598221119915e-05,,1.0,1.0,,False,1.0,1.0,1.0,1.0,1.0,1.0,1.0,1.0,1.0,1.0,0.0,0.0,0.0
MACD_Signal,0.00446421848852971,0.1944527775792605,0.23916198300190603,0.5034756703078451,3021,0.018666087368191975,0.08712696414524126,0.0,,,,1.0,,,,,,1.0,1.0,,,,,,1.0,1.0,,,,,,,,1.0,0.004464218488529709,0.08010458839406208,0.07564036990553237,0.01866917752420853,0.5106636805682168,0.4919945030440082,0.7166666666666667,9.96283482219748e-06,,1.0,1.0,,False,1.0,1.0,1.0,1.0,1.0,1.0,1.0,1.0,1.0,1.0,0.0,0.0,0.0
Regime_Strength,0.0038831759567055078,0.17847069124166495,0.22157172491734928,0.5041920731707317,2624,0.017525593306765192,0.08643284008134226,0.0,,,,1.0,,,,,,1.0,1.0,,,,,,1.0,1.0,,,,,,,,1.0,0.003883175956705508,0.0417354705193433,0.03785229456263779,0.017528933741986163,0.22835591668190405,0.2108269829399179,0.6333333333333333,1.3092867411122021e-05,,1.0,1.0,,False,1.0,1.0,1.0,1.0,1.0,1.0,1.0,1.0,1.0,1.0,0.0,0.0,0.0
Momentum_ATR,0.004225102966110873,0.20004987659046322,0.24889614807525867,0.5038066865276398,3021,0.01697536495365113,0.08617498459348735,0.0,,,,1.0,,,,,,1.0,1.0,,,,,,1.0,1.0,,,,,,,,1.0,0.004225102966110871,0.029132928475033737,0.024907825508922867,0.016978175211908173,0.16308191544928835,0.14610374023738018,0.55,2.0360327555017952e-05,,1.0,1.0,,False,1.0,1.0,1.0,1.0,1.0,1.0,1.0,1.0,1.0,1.0,0.0,0.0,0.0
Momentum_ATR_Z,0.00416935528061354,0.20008365070044073,0.24891850972734564,0.5038066865276398,3021,0.016749880386278174,0.08603424377578303,0.0,,,,1.0,,,,,,1.0,1.0,,,,,,1.0,1.0,,,,,,,,1.0,0.004169355280613539,0.029132928475033737,0.024963573194420198,0.016752653315743236,0.16308191544928835,0.1463292621335451,0.55,2.025301034088251e-05,,1.0,1.0,,False,1.0,1.0,1.0,1.0,1.0,1.0,1.0,1.0,1.0,1.0,0.0,0.0,0.0
Return_Lag10,0.002622570119247157,0.1852398732432829,0.23027222747622905,0.5129224652087475,3018,0.011388998736848914,0.08398909012235317,0.0,,,,1.0,,,,,,1.0,1.0,,,,,,1.0,1.0,,,,,,,,1.0,0.0026225701192471584,0.010867071524966264,0.008244501405719105,0.011390886051252028,0.05718964032714974,0.04579875427589771,0.5666666666666667,1.0056450262115756e-05,,1.0,1.0,,False,1.0,1.0,1.0,1.0,1.0,1.0,1.0,1.0,1.0,1.0,0.0,0.0,0.0
BB_Z50,0.002581087701629264,0.193854863601977,0.24043014407519653,0.5024826216484608,3021,0.010735291536849538,0.08205112990302514,0.0,,,,1.0,,,,,,1.0,1.0,,,,,,1.0,1.0,,,,,,,,1.0,0.002581087701629262,0.07908906882591094,0.07650798112428167,0.010737068755882017,0.4560745344939229,0.44533746573804084,0.5833333333333334,1.5074042955068696e-05,,1.0,1.0,,False,1.0,1.0,1.0,1.0,1.0,1.0,1.0,1.0,1.0,1.0,0.0,0.0,0.0
MACD,0.00068334807940098,0.19084239031924904,0.23620425136870224,0.505130751406819,3021,0.0028930388532307626,0.07756578850412005,0.0,,,,1.0,,,,,,1.0,1.0,,,,,,1.0,1.0,,,,,,,,1.0,0.0006833480794009808,0.08924763832658571,0.08856429024718472,0.0028935177935272317,0.6217171349667364,0.6188236171732092,0.7,1.2026956594185616e-05,,1.0,1.0,,False,1.0,1.0,1.0,1.0,1.0,1.0,1.0,1.0,1.0,1.0,0.0,0.0,0.0
MACD_Z,0.00068334807940098,0.19084239031924904,0.23620425136870224,0.505130751406819,3021,0.0028930388532307626,0.07756578850412005,0.0,,,,1.0,,,,,,1.0,1.0,,,,,,1.0,1.0,,,,,,,,1.0,0.0006833480794009808,0.08924763832658571,0.08856429024718472,0.0028935177935272317,0.6217171349667364,0.6188236171732092,0.7,1.2026956594185616e-05,,1.0,1.0,,False,1.0,1.0,1.0,1.0,1.0,1.0,1.0,1.0,1.0,1.0,0.0,0.0,0.0
Return_10,0.0004166433985952191,0.19667779535564592,0.24466991955393064,0.5087719298245614,3021,0.0017028795270458336,0.07737736623313798,0.0,,,,1.0,,,,,,1.0,1.0,,,,,,1.0,1.0,,,,,,,,1.0,0.0004166433985952184,0.042908232118758445,0.042491588720163224,0.0017031614374061904,0.2532252192598202,0.25152205782241405,0.6,2.2148314811828585e-05,,1.0,1.0,,False,1.0,1.0,1.0,1.0,1.0,1.0,1.0,1.0,1.0,1.0,0.0,0.0,0.0
Return_10_Z,0.0003946444689498148,0.19668045512415522,0.24466787000580326,0.5084409136047666,3021,0.0016129803530290834,0.07727166957556593,0.0,,,,1.0,,,,,,1.0,1.0,,,,,,1.0,1.0,,,,,,,,1.0,0.00039464446894981435,0.042908232118758445,0.04251358764980863,0.0016132473806522067,0.2532252192598202,0.251611971879168,0.6,2.2105782204429937e-05,,1.0,1.0,,False,1.0,1.0,1.0,1.0,1.0,1.0,1.0,1.0,1.0,1.0,0.0,0.0,0.0
Reversal_5,0.00032819767776134023,0.19424527275935474,0.2382160661947487,0.4998344918901026,3021,0.0013777310725771863,0.07583138517676123,0.0,,,,1.0,,,,,,1.0,1.0,,,,,,1.0,1.0,,,,,,,,1.0,0.0003281976777613393,-0.055728744939271255,-0.0560569426170326,0.0013779591548677599,-0.2960560780778615,-0.29743403723272926,0.38333333333333336,-9.681793205222509e-06,,1.0,1.0,,False,1.0,1.0,1.0,1.0,1.0,1.0,1.0,1.0,1.0,1.0,0.0,0.0,0.0
Return_5,-0.00032819767776134023,0.19424527275935474,0.2382160661947487,0.4998344918901026,3021,-0.0013777310725771863,0.07411896239026954,0.0,,,,1.0,,,,,,1.0,1.0,,,,,,1.0,1.0,,,,,,,,1.0,-0.0003281976777613393,0.055728744939271255,0.0560569426170326,-0.0013779591548677599,0.2960560780778615,0.29743403723272926,0.6166666666666667,9.681793205222509e-06,,1.0,1.0,,False,1.0,1.0,1.0,1.0,1.0,1.0,1.0,1.0,1.0,1.0,0.0,0.0,0.0
Return_5_Z,-0.00033787510603491117,0.1942355953310812,0.23820790954061785,0.4998344918901026,3021,-0.0014184042220432417,0.07409368892958113,0.0,,,,1.0,,,,,,1.0,1.0,,,,,,1.0,1.0,,,,,,,,1.0,-0.0003378751060349107,0.055728744939271255,0.056066620045306166,-0.0014186390377415768,0.2960560780778615,0.2974747171156031,0.6166666666666667,9.663131264775203e-06,,1.0,1.0,,False,1.0,1.0,1.0,1.0,1.0,1.0,1.0,1.0,1.0,1.0,0.0,0.0,0.0
RSI,-0.0008561627650215683,0.19259100678715066,0.23911587287589994,0.5031446540880503,3021,-0.003580535039952692,0.0732455550117271,0.0,,,,1.0,,,,,,1.0,1.0,,,,,,1.0,1.0,,,,,,,,1.0,-0.0008561627650215649,0.08856275303643726,0.08941891580145883,-0.0035811277946997196,0.5131029773770169,0.5166841051717167,0.6166666666666667,2.8914545494194328e-05,,1.0,1.0,,False,1.0,1.0,1.0,1.0,1.0,1.0,1.0,1.0,1.0,1.0,0.0,0.0,0.0
RSI_Z,-0.0008606655369941569,0.19258773670861798,0.23911445025510544,0.5031446540880503,3021,-0.0035993873748598054,0.0732338353959364,0.0,,,,1.0,,,,,,1.0,1.0,,,,,,1.0,1.0,,,,,,,,1.0,-0.0008606655369941538,0.08856275303643726,0.08942341857343142,-0.0035999832505959842,0.5131029773770169,0.5167029606276129,0.6166666666666667,2.8905848143476192e-05,,1.0,1.0,,False,1.0,1.0,1.0,1.0,1.0,1.0,1.0,1.0,1.0,1.0,0.0,0.0,0.0
Reversal_10,-0.0004166433985952191,0.19667779535564592,0.24466991955393064,0.4885799404170804,3021,-0.0017028795270458336,0.07222541430310829,0.0,,,,1.0,,,,,,1.0,1.0,,,,,,1.0,1.0,,,,,,,,1.0,-0.0004166433985952184,-0.042908232118758445,-0.042491588720163224,-0.0017031614374061904,-0.2532252192598202,-0.25152205782241405,0.4,-2.2148314811828585e-05,,1.0,1.0,,False,1.0,1.0,1.0,1.0,1.0,1.0,1.0,1.0,1.0,1.0,0.0,0.0,0.0
Volume_Ratio,-0.0007838922291472701,0.1764587373502811,0.22089942418724828,0.4946984758117959,3018,-0.003548638610004501,0.07201785246752272,0.0,,,,1.0,,,,,,1.0,1.0,,,,,,1.0,1.0,,,,,,,,1.0,-0.0007838922291472708,-0.015533063427800269,-0.014749171198652999,-0.003549226668438227,-0.09179876311493712,-0.0882495364464989,0.4666666666666667,-1.9430004917391655e-06,,1.0,1.0,,False,1.0,1.0,1.0,1.0,1.0,1.0,1.0,1.0,1.0,1.0,0.0,0.0,0.0
Volume_Ratio_Z,-0.0009607343151825868,0.17644232518519234,0.22087554170955795,0.4946984758117959,3018,-0.004349663631368694,0.07152423607996182,0.0,,,,1.0,,,,,,1.0,1.0,,,,,,1.0,1.0,,,,,,,,1.0,-0.0009607343151825871,-0.015533063427800269,-0.014572329112617681,-0.004350384430712722,-0.09179876311493712,-0.08744837868422439,0.4666666666666667,-2.2882313006187034e-06,,1.0,1.0,,False,1.0,1.0,1.0,1.0,1.0,1.0,1.0,1.0,1.0,1.0,0.0,0.0,0.0
Momentum_Vol,-0.0018195369837455397,0.18708013731570214,0.23315012186702866,0.5081098973849718,3021,-0.0078041433621000795,0.07137834466346707,0.0,,,,1.0,,,,,,1.0,1.0,,,,,,1.0,1.0,,,,,,,,1.0,-0.0018195369837455395,0.0568927125506073,0.05871224953435284,-0.007805435331867829,0.36182964380127597,0.3696350791331438,0.6166666666666667,1.7250738002898426e-05,,1.0,1.0,,False,1.0,1.0,1.0,1.0,1.0,1.0,1.0,1.0,1.0,1.0,0.0,0.0,0.0
Momentum_Vol_Z,-0.001832618505215709,0.18706705579423197,0.23314748389836756,0.5081098973849718,3021,-0.007860340016168626,0.07134351204728831,0.0,,,,1.0,,,,,,1.0,1.0,,,,,,1.0,1.0,,,,,,,,1.0,-0.0018326185052157102,0.0568927125506073,0.05872533105582301,-0.007861641289248062,0.36182964380127597,0.369691285090524,0.6166666666666667,1.722541550648394e-05,,1.0,1.0,,False,1.0,1.0,1.0,1.0,1.0,1.0,1.0,1.0,1.0,1.0,0.0,0.0,0.0
Gap,-0.0012864122156791464,0.1822002590332275,0.22605993089876245,0.4953611663353214,3018,-0.005690580391111711,0.07078843207048302,0.0,,,,1.0,,,,,,1.0,1.0,,,,,,1.0,1.0,,,,,,,,1.0,-0.0012864122156791475,0.037149122807017536,0.038435535022696685,-0.005691523398884523,0.24194685296816087,0.2476383763670454,0.55,-1.933715082931144e-06,,1.0,1.0,,False,1.0,1.0,1.0,1.0,1.0,1.0,1.0,1.0,1.0,1.0,0.0,0.0,0.0
Gap_Z,-0.0013371750118059632,0.18212082906067462,0.22598976281788868,0.49486924859318104,3021,-0.005916971588516331,0.07057490041175138,0.0,,,,1.0,,,,,,1.0,1.0,,,,,,1.0,1.0,,,,,,,,1.0,-0.0013371750118059635,0.039261133603238865,0.04059830861504483,-0.005917951138487835,0.25375712515582083,0.25967507629430864,0.55,-1.8008916551098709e-06,,1.0,1.0,,False,1.0,1.0,1.0,1.0,1.0,1.0,1.0,1.0,1.0,1.0,0.0,0.0,0.0
Volume_Change_Z,-0.0017671657506456012,0.17348261757460978,0.21668437573214525,0.4988391376451078,3015,-0.008155482999266191,0.06981020527197608,0.0,,,,1.0,,,,,,1.0,1.0,,,,,,1.0,1.0,,,,,,,,1.0,-0.001767165750645602,0.015094466936572204,0.016861632687217805,-0.008156835820534789,0.09191406053777815,0.10007089635831294,0.5666666666666667,-1.3819177679656654e-06,,1.0,1.0,,False,1.0,1.0,1.0,1.0,1.0,1.0,1.0,1.0,1.0,1.0,0.0,0.0,0.0
Volume_Change,-0.0018221763070329596,0.1734728858723409,0.21667836636380333,0.4981757877280265,3015,-0.008409590349061117,0.06955444057511047,0.0,,,,1.0,,,,,,1.0,1.0,,,,,,1.0,1.0,,,,,,,,1.0,-0.0018221763070329596,0.015094466936572204,0.016916643243605162,-0.008410985321337484,0.09191406053777815,0.10032504585911563,0.5666666666666667,-1.0561500095459047e-06,,1.0,1.0,,False,1.0,1.0,1.0,1.0,1.0,1.0,1.0,1.0,1.0,1.0,0.0,0.0,0.0
Return_Lag3,-0.001766631165465262,0.18698268196636347,0.2327366524274414,0.4917163684559311,3018,-0.0075906873259910974,0.06905258788945498,0.0,,,,1.0,,,,,,1.0,1.0,,,,,,1.0,1.0,,,,,,,,1.0,-0.0017666311654652629,0.004300019522167479,0.006066650687632742,-0.00759194520772869,0.022150818988220865,0.029742764195949557,0.5,7.607552819845185e-06,,1.0,1.0,,False,1.0,1.0,1.0,1.0,1.0,1.0,1.0,1.0,1.0,1.0,0.0,0.0,0.0
Range_Position,-0.0025020562658084086,0.18628516456523156,0.23197205864524761,0.502151605428666,3021,-0.010786024272210957,0.06863981058484134,0.0,,,,1.0,,,,,,1.0,1.0,,,,,,1.0,1.0,,,,,,,,1.0,-0.002502056265808405,0.07490553306342781,0.07740758932923622,-0.010787809890007416,0.4519866770859418,0.46277448697594925,0.6333333333333333,2.181485691275265e-05,,1.0,1.0,,False,1.0,1.0,1.0,1.0,1.0,1.0,1.0,1.0,1.0,1.0,0.0,0.0,0.0
Range_Position_Z,-0.002507476011990189,0.18628131436015835,0.2319636378641924,0.502151605428666,3021,-0.01080978046502469,0.06862511875493925,0.0,,,,1.0,,,,,,1.0,1.0,,,,,,1.0,1.0,,,,,,,,1.0,-0.002507476011990187,0.07490553306342781,0.077413009075418,-0.010811570015640105,0.4519866770859418,0.4627982471015819,0.6333333333333333,2.1804410472514905e-05,,1.0,1.0,,False,1.0,1.0,1.0,1.0,1.0,1.0,1.0,1.0,1.0,1.0,0.0,0.0,0.0
Return_Lag2,-0.004712523105215115,0.18814073561063274,0.23258030179748207,0.4960238568588469,3018,-0.020261918350491258,0.061845766504492306,0.0,,,,1.0,,,,,,1.0,1.0,,,,,,1.0,1.0,,,,,,,,1.0,-0.004712523105215115,0.02398469967844188,0.028697222783656995,-0.020265276030233148,0.12257838781007199,0.14284366384030514,0.5833333333333334,7.528148965031774e-06,,1.0,1.0,,False,1.0,1.0,1.0,1.0,1.0,1.0,1.0,1.0,1.0,1.0,0.0,0.0,0.0
Momentum_Rank,-0.005345875428221428,0.19615577711221094,0.24563274866146936,0.5001655081098973,3021,-0.02176369167217769,0.061451033168320436,0.0,,,,1.0,,,,,,1.0,1.0,,,,,,1.0,1.0,,,,,,,,1.0,-0.005345875428221428,0.03318151147098516,0.03852738689920659,-0.02176729463413989,0.18845533481448096,0.21022262944862086,0.5333333333333333,1.897034740690687e-05,,1.0,1.0,,False,1.0,1.0,1.0,1.0,1.0,1.0,1.0,1.0,1.0,1.0,0.0,0.0,0.0
Volume_MA,-0.004824240487961656,0.19268461961896066,0.23865116992289298,0.4922211188348229,3021,-0.02021461059380406,0.06126785985224271,0.0,,,,1.0,,,,,,1.0,1.0,,,,,,1.0,1.0,,,,,,,,1.0,-0.004824240487961656,-0.05429824561403509,-0.04947400512607343,-0.020217957106617168,-0.3588280051252018,-0.33861004801858463,0.36666666666666664,1.1184550165303946e-05,,1.0,1.0,,False,1.0,1.0,1.0,1.0,1.0,1.0,1.0,1.0,1.0,1.0,0.0,0.0,0.0
Momentum,-0.00569955787277995,0.20242512907246704,0.2516728844859201,0.5004998333888704,3001,-0.02264669021366949,0.060909428028978356,0.0,,,,1.0,,,,,,1.0,1.0,,,,,,1.0,1.0,,,,,,,,1.0,-0.005699557872779947,0.041713900134952776,0.04741345800773272,-0.02265046434753848,0.21388717408875182,0.2365376384362903,0.55,2.6554270293617343e-05,,1.0,1.0,,False,1.0,1.0,1.0,1.0,1.0,1.0,1.0,1.0,1.0,1.0,0.0,0.0,0.0
Price_to_MA20,-0.005837917352020181,0.19858556146758982,0.2476249836808849,0.49520026481297585,3021,-0.02357563942727154,0.05956206283134097,0.0,,,,1.0,,,,,,1.0,1.0,,,,,,1.0,1.0,,,,,,,,1.0,-0.005837917352020181,0.06066801619433199,0.06650593354635218,-0.023579542355753217,0.31339776775403305,0.33697731010978627,0.5833333333333334,2.3409067561890577e-05,,1.0,1.0,,False,1.0,1.0,1.0,1.0,1.0,1.0,1.0,1.0,1.0,1.0,0.0,0.0,0.0
Trend_Z,-0.006793234861693524,0.19096514476202267,0.23627915386622445,0.48916636063165625,2723,-0.02875088522108389,0.05552399676464424,0.0,,,,1.0,,,,,,1.0,1.0,,,,,,1.0,1.0,,,,,,,,1.0,-0.006793234861693523,-0.02310415075120957,-0.016310915889516046,-0.028756165942057686,-0.12201910595858619,-0.0932629400165285,0.35,1.083075567985336e-05,,1.0,1.0,,False,1.0,1.0,1.0,1.0,1.0,1.0,1.0,1.0,1.0,1.0,0.0,0.0,0.0
Vol_Z,-0.007813695479454345,0.1776599186160096,0.22165111890881525,0.4779462439696761,2902,-0.03525222648398443,0.04995910338542367,0.0,,,,1.0,,,,,,1.0,1.0,,,,,,1.0,1.0,,,,,,,,1.0,-0.007813695479454345,0.008412493288654281,0.016226188768108628,-0.035258301835399616,0.04558347975879639,0.080841781594196,0.5166666666666667,-1.8190448892226042e-06,,1.0,1.0,,False,1.0,1.0,1.0,1.0,1.0,1.0,1.0,1.0,1.0,1.0,0.0,0.0,0.0
BB_Z20,-0.00927323427466596,0.18746213612908522,0.23489159249581926,0.49189010261502814,3021,-0.039478783112904425,0.049288214397757,0.0,,,,1.0,,,,,,1.0,1.0,,,,,,1.0,1.0,,,,,,,,1.0,-0.009273234274665958,0.0532557354925776,0.06252896976724356,-0.03948531879425783,0.33084800855898144,0.37033332735323926,0.6166666666666667,2.1918673734529025e-05,,1.0,1.0,,False,1.0,1.0,1.0,1.0,1.0,1.0,1.0,1.0,1.0,1.0,0.0,0.0,0.0
MACD_Hist,-0.008828776032872687,0.18322370775972294,0.22864466905910832,0.47964250248262164,3021,-0.03861352215466167,0.04806030537746752,0.0,,,,1.0,,,,,,1.0,1.0,,,,,,1.0,1.0,,,,,,,,1.0,-0.008828776032872689,0.016005398110661276,0.024834174143533963,-0.03861991459274632,0.0914413820110229,0.13006129660376922,0.5,1.1277675629970352e-05,,1.0,1.0,,False,1.0,1.0,1.0,1.0,1.0,1.0,1.0,1.0,1.0,1.0,0.0,0.0,0.0
MACD_Hist_Z,-0.008842441906570965,0.18320800148258354,0.22863137117105856,0.47964250248262164,3021,-0.0386755405551045,0.048022095495114485,0.0,,,,1.0,,,,,,1.0,1.0,,,,,,1.0,1.0,,,,,,,,1.0,-0.008842441906570967,0.016005398110661276,0.024847840017232243,-0.038681943260286344,0.0914413820110229,0.13012332527130926,0.5,1.1251021227178042e-05,,1.0,1.0,,False,1.0,1.0,1.0,1.0,1.0,1.0,1.0,1.0,1.0,1.0,0.0,0.0,0.0
Price_to_MA10,-0.009536910504921376,0.1921604140942108,0.23908036110559203,0.4799735187024164,3021,-0.0398899785031667,0.04719546647714436,0.0,,,,1.0,,,,,,1.0,1.0,,,,,,1.0,1.0,,,,,,,,1.0,-0.009536910504921376,0.03375843454790824,0.04329534505282962,-0.039896582257592586,0.18379196503784845,0.22368854729544102,0.55,1.2637129272849096e-05,,1.0,1.0,,False,1.0,1.0,1.0,1.0,1.0,1.0,1.0,1.0,1.0,1.0,0.0,0.0,0.0
BB_Z10,-0.011299909285314342,0.18269245847625923,0.22731146897442778,0.4812975835815955,3021,-0.049711126704629405,0.041463545064098856,0.0,,,,1.0,,,,,,1.0,1.0,,,,,,1.0,1.0,,,,,,,,1.0,-0.011299909285314342,0.034008097165991916,0.045308006451306254,-0.04971935634237901,0.21176508347384543,0.26148443981622443,0.6166666666666667,1.3575250804654583e-05,,1.0,1.0,,False,1.0,1.0,1.0,1.0,1.0,1.0,1.0,1.0,1.0,1.0,0.0,0.0,0.0
Regime_Score,-0.013514897269161663,0.18998063881347244,0.23510888836532912,0.4730077120822622,2723,-0.057483565617807174,0.03528072654179689,0.0,,,,1.0,,,,,,1.0,1.0,,,,,,1.0,1.0,,,,,,,,1.0,-0.013514897269161665,0.0009974216959511165,0.014512318965112781,-0.057494123716045405,0.004634934942463674,0.06212905865850908,0.43333333333333335,2.3328731891242304e-05,,1.0,1.0,,False,1.0,1.0,1.0,1.0,1.0,1.0,1.0,1.0,1.0,1.0,0.0,0.0,0.0
Log_Return,-0.01512342644535116,0.1882470858904277,0.23382231590699057,0.4777998674618953,3018,-0.06467914032075445,0.031559425009263994,0.0,,,,1.0,,,,,,1.0,1.0,,,,,,1.0,1.0,,,,,,,,1.0,-0.01512342644535116,-0.005149968383411784,0.009973458061939375,-0.06468985854769754,-0.02617992777873854,0.038509930768959005,0.5333333333333333,9.240366101851588e-06,,1.0,1.0,,False,1.0,1.0,1.0,1.0,1.0,1.0,1.0,1.0,1.0,1.0,0.0,0.0,0.0
Return,-0.01512342644535116,0.1882470858904277,0.23382231590699057,0.4777998674618953,3018,-0.06467914032075445,0.031559425009263994,0.0,,,,1.0,,,,,,1.0,1.0,,,,,,1.0,1.0,,,,,,,,1.0,-0.01512342644535116,-0.005149968383411784,0.009973458061939375,-0.06468985854769754,-0.02617992777873854,0.038509930768959005,0.5333333333333333,9.240366101851588e-06,,1.0,1.0,,False,1.0,1.0,1.0,1.0,1.0,1.0,1.0,1.0,1.0,1.0,0.0,0.0,0.0
Return_Lag1,-0.01512342644535116,0.1882470858904277,0.23382231590699057,0.4777998674618953,3018,-0.06467914032075445,0.031559425009263994,0.0,,,,1.0,,,,,,1.0,1.0,,,,,,1.0,1.0,,,,,,,,1.0,-0.01512342644535116,-0.005149968383411784,0.009973458061939375,-0.06468985854769754,-0.02617992777873854,0.038509930768959005,0.5333333333333333,9.240366101851588e-06,,1.0,1.0,,False,1.0,1.0,1.0,1.0,1.0,1.0,1.0,1.0,1.0,1.0,0.0,0.0,0.0
Return_Z,-0.015141795036493636,0.18822950284992956,0.23378984862096922,0.4777998674618953,3018,-0.06476669137279573,0.03150576135329854,0.0,,,,1.0,,,,,,1.0,1.0,,,,,,1.0,1.0,,,,,,,,1.0,-0.015141795036493636,-0.005149968383411784,0.009991826653081851,-0.06477742410815744,-0.02617992777873854,0.038597496329418904,0.5333333333333333,9.204629247521868e-06,,1.0,1.0,,False,1.0,1.0,1.0,1.0,1.0,1.0,1.0,1.0,1.0,1.0,0.0,0.0,0.0
Return_Rank,-0.015148618107657722,0.1882243318286986,0.23377998681706583,0.4777998674618953,3018,-0.06479860936391015,0.03148615953683638,0.0,,,,1.0,,,,,,1.0,1.0,,,,,,1.0,1.0,,,,,,,,1.0,-0.015148618107657726,-0.005149968383411784,0.009998649724245943,-0.06480934738852388,-0.02617992777873854,0.038629419609785345,0.5333333333333333,9.191418603501938e-06,,1.0,1.0,,False,1.0,1.0,1.0,1.0,1.0,1.0,1.0,1.0,1.0,1.0,0.0,0.0,0.0
Vol_Regime,-0.022471324528750194,0.20683425774786993,0.2536448348168377,0.4574644157563721,3021,-0.08859366072399444,0.013151751606633802,0.0,,,,1.0,,,,,,1.0,1.0,,,,,,1.0,1.0,,,,,,,,1.0,-0.022471324528750194,-0.020019631484638437,0.0024516930441117572,-0.08860832733453687,-0.11559958252967303,-0.026991255195136163,0.4,-3.4279485095039655e-06,,1.0,1.0,,False,1.0,1.0,1.0,1.0,1.0,1.0,1.0,1.0,1.0,1.0,0.0,0.0,0.0
Momentum_Z,-0.0231235102297164,0.19215818916177702,0.23817105947140566,0.4631288766368022,2902,-0.09708782496054999,0.009133974698302912,0.0,,,,1.0,,,,,,1.0,1.0,,,,,,1.0,1.0,,,,,,,,1.0,-0.0231235102297164,0.027892740539799357,0.051016250769515756,-0.09710455702867125,0.12146793725135682,0.21857249428002806,0.5666666666666667,2.8733444284148548e-05,,1.0,1.0,,False,1.0,1.0,1.0,1.0,1.0,1.0,1.0,1.0,1.0,1.0,0.0,0.0,0.0
Volatility_Z,-0.027574780860762524,0.22074933765466467,0.26931235340053006,0.4644157563720622,3021,-0.10238958744444532,0.005075656103135637,0.0,,,,1.0,,,,,,1.0,1.0,,,,,,1.0,1.0,,,,,,,,1.0,-0.027574780860762524,-0.0062618083670715205,0.021312972493691004,-0.10240653795976122,-0.03176911268051397,0.07063742527924725,0.4666666666666667,-2.243872912175997e-06,,1.0,1.0,,False,1.0,1.0,1.0,1.0,1.0,1.0,1.0,1.0,1.0,1.0,0.0,0.0,0.0
Volatility_Rank,-0.027576222100670636,0.22075077889457279,0.26931297760199757,0.4644157563720622,3021,-0.1023947016731933,0.005072410905351821,0.0,,,,1.0,,,,,,1.0,1.0,,,,,,1.0,1.0,,,,,,,,1.0,-0.027576222100670636,-0.0062618083670715205,0.021314413733599116,-0.10241165303516574,-0.03176911268051397,0.07064254035465177,0.4666666666666667,-2.2466978099934727e-06,,1.0,1.0,,False,1.0,1.0,1.0,1.0,1.0,1.0,1.0,1.0,1.0,1.0,0.0,0.0,0.0
PE_Rank,-0.025867382302481253,0.19287624720803503,0.23746164960986268,0.46838795100959946,3021,-0.10893288341947911,0.0025848920799820263,0.0,,,,1.0,,,,,,1.0,1.0,,,,,,1.0,1.0,,,,,,,,1.0,-0.025867382302481246,0.13608778115743717,0.16195516345991842,-0.1089509171722656,0.9381534262644733,1.0471043434367389,0.7833333333333333,-1.6199351625871834e-05,,1.0,1.0,,False,1.0,1.0,1.0,1.0,1.0,1.0,1.0,1.0,1.0,1.0,0.0,0.0,0.0
PE_Z,-0.0276310354980031,0.19171320006770265,0.23628859737809338,0.46739490235021514,3021,-0.11693765881073002,-0.0024957876427701697,0.0,,,,1.0,,,,,,1.0,1.0,,,,,,1.0,1.0,,,,,,,,1.0,-0.0276310354980031,0.13560508067362145,0.16323611617162456,-0.1169570177477579,0.9341396748736999,1.0510966926214578,0.7833333333333333,-1.5141658998785716e-05,,1.0,1.0,,False,1.0,1.0,1.0,1.0,1.0,1.0,1.0,1.0,1.0,1.0,0.0,0.0,0.0
Volatility,-0.03228605456479676,0.2294834965214068,0.27939493616248584,0.46017994001999335,3001,-0.11555704943221778,-0.004215202554159803,0.0,,,,1.0,,,,,,1.0,1.0,,,,,,1.0,1.0,,,,,,,,1.0,-0.032286054564796766,0.0031815114709851534,0.03546756603578192,-0.115576307335696,0.015983217313004772,0.13155952464870077,0.5166666666666667,-2.3529047109625766e-06,,1.0,1.0,,False,1.0,1.0,1.0,1.0,1.0,1.0,1.0,1.0,1.0,1.0,0.0,0.0,0.0
PE,-0.02883049271489138,0.19115646755329435,0.23528371761556396,0.4657398212512413,3021,-0.12253500958133977,-0.006182429896518099,0.0,,,,1.0,,,,,,1.0,1.0,,,,,,1.0,1.0,,,,,,,,1.0,-0.02883049271489138,0.13655360400195857,0.16538409671684995,-0.12255529515536509,0.9474100387136585,1.0699653338690236,0.7833333333333333,-1.625378353870761e-05,,1.0,1.0,,False,1.0,1.0,1.0,1.0,1.0,1.0,1.0,1.0,1.0,1.0,0.0,0.0,0.0
PE_Change,-0.02928884427244441,0.18616968105774478,0.22968713759003118,0.45294897282968855,3018,-0.12751625734134855,-0.010978248895021761,0.0,,,,1.0,,,,,,1.0,1.0,,,,,,1.0,1.0,,,,,,,,1.0,-0.02928884427244441,-0.022865825887598175,0.006423018384846234,-0.12753738854652902,-0.1136479130499752,0.013889475496553824,0.4666666666666667,1.2480224784127126e-05,,1.0,1.0,,False,1.0,1.0,1.0,1.0,1.0,1.0,1.0,1.0,1.0,1.0,0.0,0.0,0.0
EPS_Growth,-0.054473995741181176,0.13126589071489433,0.17468360727650084,0.18181818181818182,11,-0.3118437744596855,-0.1605835474024541,0.0,,,,1.0,,,,,,1.0,1.0,,,,,,1.0,1.0,,,,,,,,1.0,,,,,,,,,,1.0,1.0,,False,1.0,1.0,1.0,1.0,1.0,1.0,1.0,1.0,1.0,1.0,0.0,0.0,0.0
EPS_Growth_Z,-0.056888103372680104,0.13367999834639327,0.17068639070302397,0.18181818181818182,11,-0.3332902102216755,-0.17310331936099826,0.0,,,,1.0,,,,,,1.0,1.0,,,,,,1.0,1.0,,,,,,,,1.0,,,,,,,,,,1.0,1.0,,False,1.0,1.0,1.0,1.0,1.0,1.0,1.0,1.0,1.0,1.0,0.0,0.0,0.0
