Fold,Train_Start,Train_End,Test_Start,Test_End,Train_Days,Test_Days,Train_Samples,Test_Samples,Sharpe,CAGR,Max_Drawdown,Volatility,Accuracy,Final_Return,Win_Rate,Active_Days,Avg_Turnover,Median_Turnover,Turnover95,Max_Turnover,Avg_Holdings,Deadband_Pct,Avg_Final_Score,Min_Final_Score,Max_Final_Score,Overall_Avg_Position,Pct_BEAR,Pct_BEAR_VOLATILE,Pct_SIDEWAYS,Pct_SIDEWAYS_VOLATILE,Pct_BULL,Pct_BULL_VOLATILE,AvgPos_BEAR,AvgPos_BEAR_VOLATILE,AvgPos_SIDEWAYS,AvgPos_SIDEWAYS_VOLATILE,AvgPos_BULL,AvgPos_BULL_VOLATILE,Bull_Exposure_Alpha,BullVol_Exposure_Alpha,Bear_Exposure_Alpha,BearVol_Exposure_Alpha,Sideways_Exposure_Alpha,SidewaysVol_Exposure_Alpha,Exposure_Efficiency_BULL,Exposure_Efficiency_BEAR,Exposure_Efficiency_SIDEWAYS,Exposure_Efficiency_BULL_VOL,Exposure_Efficiency_BEAR_VOL,Exposure_Efficiency_SIDEWAYS_VOL,Fold_Quality_Score,Regime_PnL_Efficiency,BullVol_Pnl_Share,Bull_Vol_Return_Efficiency,AvgRet_BEAR,AvgRet_BEAR_VOLATILE,AvgRet_SIDEWAYS,AvgRet_SIDEWAYS_VOLATILE,AvgRet_BULL,AvgRet_BULL_VOLATILE,SumPnL_BEAR,SumPnL_BEAR_VOLATILE,SumPnL_SIDEWAYS,SumPnL_SIDEWAYS_VOLATILE,SumPnL_BULL,SumPnL_BULL_VOLATILE,BullVol_PnL_Per_Day,Bull_PnL_Per_Day,Bear_PnL_Per_Day,Sideways_PnL_Per_Day,Return_Per_Unit_Exposure,Spearman_IC,Pearson_IC,Rank_IC,Avg_Probability,Std_Probability,Median_Probability,Min_Probability,Max_Probability,Probability_IQR,Probability_Spread_90_10,Probability_Spread_95_05,Probability_Entropy,Probability_Skewness,Probability_Kurtosis,CrossSectional_Dispersion,Confidence_Mean,Confidence_Std,Confidence_CV,Mean_Adjusted_Confidence,Std_Adjusted_Confidence,Brier_Score,Log_Loss,Expected_Calibration_Error,Reliability_Error,Maximum_Calibration_Error,Calibration_Gap,Overconfidence,Underconfidence,Average_Confidence,Average_Accuracy
1,2015-03-25,2017-04-11,2017-04-12,2017-07-12,504,63,10057,1323,-0.4477687475438696,-0.10863716327524231,-0.1311508786929837,0.20822998531843914,0.4935752078609221,0.9717540584010973,0.4603174603174603,62,0.978343668090361,0.9999999999989999,1.9999999999979998,1.9999999999979998,1.9206349206349207,0.0,,,,0.0459440501842955,0.2925170068027211,0.10582010582010581,0.17913832199546487,0.06198034769463341,0.2585034013605442,0.10204081632653061,0.053984839077143826,0.0196418319575951,0.027426160337525315,0.018256245786818722,0.07133076189570475,0.03518412203008381,0.02538671171140925,-0.010759928154211694,0.008040788892848323,-0.026302218226700404,-0.018517889846770188,-0.02768780439747678,0.2759374210175947,0.18455282196139866,0.15310046466897043,0.3448043958948213,0.1856153119992737,0.29454894117025815,-0.018800717047060017,-0.010125422123223805,-0.186416041468905,-0.00030872407346733445,0.00015247604795381133,-0.0022548957549011982,0.0009344933936179975,-0.004066208447779735,-0.0002315644300899196,-0.00030872407346733445,-0.012721061862710822,0.01634915412688642,0.008117630685326824,0.00763541434203796,0.03789887016163865,-0.018954076295265212,-0.18574994769359907,0.1466087872042337,-0.04348828125159281,0.045314875091507965,-0.008053176700409104,0.0014546912840188635,-0.07316951239212537,0.0014546912840188635,0.4937320404551475,0.1328219502248234,0.5,0.18187440526987408,0.8300839458276683,0.1641438318588695,0.3695070142971352,0.4706848482805641,0.6564972806937612,0.06607977620754288,-0.22056716595784476,0.1277444809574075,0.7303038878306811,0.1291525201344498,0.17684764149060178,0.3965661564964941,0.05893750238036993,0.2607659323490231,0.7177581411863742,0.09657478959294495,0.15564807967695138,0.25855542731481007,-0.003622456899349813,0.0,0.003622456899349813,0.4937320404551475,0.4973544973544973
2,2015-06-26,2017-07-12,2017-07-13,2017-10-12,504,63,10246,1323,0.22439519931720323,0.02505799276437104,-0.08304495539437562,0.27143236477386296,0.5298563869992441,1.0061851721202035,0.47619047619047616,62,1.0834033794113962,0.9999999999989999,1.9999999999979998,1.9999999999979998,1.873015873015873,0.0,,,,0.04474604660911951,0.2600151171579743,0.11413454270597127,0.2562358276643991,0.05517762660619804,0.23809523809523808,0.07634164777021919,0.024225565723109736,0.0904972064199605,0.05974617799722473,0.0205479452054589,0.034781444616663645,0.04445779693459993,-0.009964601992455864,-0.00028824967451957645,-0.020520480886009773,0.045751159810840984,0.015000131388105221,-0.024198101403660608,0.14608206738998733,0.09316983561533192,0.2331687123608505,0.5823531222225319,0.7928993648583293,0.372396322011262,0.020232231211490197,-0.06111317525501801,-0.02340538052454989,0.0005685093906756311,0.0011715667250549817,0.0028141399052589804,-0.0002999317012722146,1.795817430572282e-05,-0.0014769523799771415,0.0005685093906756311,-0.005290427854112021,0.06831094955981609,0.01607549113963938,-0.0081027722026929,0.015195808100094233,-0.0027076059411841316,-0.03546695703155056,0.06382239402039579,-0.020346616427297102,0.06273709373965457,0.005401569648986599,0.027537811980380616,0.011676327267591487,0.027537811980380616,0.46233269487704376,0.12557758741143013,0.5,0.1798128463540399,0.8254306505487191,0.13367952473597122,0.35119217324862917,0.43177587952706575,0.6575896049739893,-0.005427775319484571,-0.34983662589963416,0.12312143792418617,0.7311237393296189,0.13047685785521004,0.17846070485232535,0.38520007133629586,0.05959141124593477,0.2618828369511562,0.7200245889465762,0.103764738328632,0.2454252063919593,0.8254306505487191,-0.02670736559158804,0.0,0.02670736559158804,0.46233269487704387,0.4890400604686319
3,2015-09-24,2017-10-12,2017-10-13,2018-01-11,504,63,10426,1383,-2.2471115530811083,-0.40147664225799795,-0.15038506642039873,0.2148074759192726,0.48734634851771513,0.8811935694010292,0.36507936507936506,62,1.034277143043982,0.9999999999989999,1.9999999999979998,1.9999999999979998,1.9682539682539681,0.0,,,,0.04439987915734959,0.2017353579175705,0.05856832971800434,0.2653651482284888,0.0368763557483731,0.3658712942877802,0.07158351409978309,0.051821100310262484,0.0418551982081157,0.05652433092844552,0.09043528539287794,0.03359683794463043,0.012121675024591876,-0.010803041212719161,-0.03227820413275771,0.007421221152912896,-0.0025446809492338865,0.012124451771095932,0.046035406235528355,0.09182693058779423,0.25687663702183877,0.21300585742245273,0.16933612685869256,0.7146387545904199,2.452392150948043,-0.03969942528567061,-0.038144399998848236,0.11332092017583306,-0.0031259405411509476,-0.0013941650085567332,-0.0012970301402481029,-0.0012130614260545114,-0.004094544153716293,-0.0024238688425228016,-0.0031259405411509476,-0.006558444256752639,-0.005252232051665891,0.0169212437910482,-0.03429147398702642,-0.03942730885240263,0.013093585161972919,0.18291341695968227,-0.10776278289105302,-0.03251013765981685,0.06376588600277838,-0.043709650433316934,-0.08644745152884745,-0.08537762262656183,-0.08644745152884745,0.48800226271218927,0.11081041708164455,0.5,0.19341550993384032,0.8451355602417435,0.10665238135787292,0.3017682986453797,0.39720074060732846,0.6675846516263018,0.0402734899170922,0.19245041230375026,0.10828114660608198,0.743752355984622,0.12588233403545432,0.1692530222222084,0.3947337813686772,0.04905002200967181,0.265850762028147,0.728183110781716,0.08350170962896546,0.32604550681113775,0.8404446047808597,-0.005851677996415228,0.0,0.005851677996415228,0.48800226271218927,0.4938539407086045
4,2015-12-31,2018-01-11,2018-01-12,2018-04-17,504,63,10612,1386,-5.215422043205807,-0.7466897876422867,-0.32567094235830574,0.26636821835116187,0.5634920634920635,0.699668878676316,0.38095238095238093,61,0.7842446691876096,0.9999999999989999,1.949999999998099,1.9999999999979998,1.873015873015873,0.0,,,,0.040355516491505,0.37445887445887444,0.15151515151515152,0.22294372294372294,0.06637806637806638,0.1443001443001443,0.04040404040404041,0.0399471923496134,0.016240859497358952,0.048590034060992736,0.03769840520966722,0.0449999999999625,0.07691069159290272,0.004644483508457503,0.03655517510139772,-0.00040832414189159727,-0.024114656994146045,0.008234517569487738,-0.002657111281837779,0.31184999999974017,0.10667978534983463,0.21794753141921014,1.9035396169243421,0.10718967268256908,0.567934669789117,0.036963499243289316,-0.16491724524128606,-0.00225038790808465,-0.006341136979717002,-0.005413861193228281,-0.006157885219552247,-0.004357359853507106,-0.007076951328237586,-0.005925837418012158,-0.006341136979717002,-0.024738334704654245,-0.06864078872851495,-0.08587359618610454,-0.04710741381331665,-0.07086773517443327,-0.0006703866336835902,-0.016592069183668855,-0.49111340475882265,-0.06606422331531943,-0.3851805964852456,-0.13660557173711294,0.025511225968444663,0.0317527510911146,0.025511225968444663,0.49677762896602534,0.11416250485893535,0.5,0.22984928889963485,0.8234970687535522,0.13501662988520435,0.313398893149592,0.40339370673945163,0.6663461375877492,0.0914619649856761,-0.09804169984541167,0.10417645390375499,0.7459501331233185,0.11643640122121314,0.15609140081996353,0.40063937899598717,0.04943619820159454,0.26521134678857633,0.7257324012646672,0.16319474610205673,0.167892169927198,0.3321243201228484,0.07902871121710758,0.07902871121710758,0.0,0.49677762896602534,0.41774891774891776
5,2016-04-04,2018-04-17,2018-04-18,2018-07-16,504,63,10707,1386,-4.332450125972888,-0.8709486173969786,-0.3958257738038423,0.43613131974369074,0.5591630591630592,0.6071844992429013,0.3968253968253968,61,0.2537858978219798,0.037134866539319966,0.9999999999989999,0.9999999999989999,1.8253968253968254,0.0,,,,0.025012152033294783,0.1414141414141414,0.10101010101010101,0.28715728715728717,0.05772005772005772,0.33694083694083693,0.07575757575757576,0.01326324790065921,0.020310444607944678,0.026543460265371452,0.007236459089425082,0.038422524080508266,0.001307154534627695,0.013410372047213483,-0.02370499749866709,-0.011748904132635574,-0.004701707425350105,0.001531308232076669,-0.0177756929438697,0.11403344405906736,0.09379011015466156,0.0924352661502634,0.017254439857085573,0.2010734016186523,0.12537165372428954,-0.011956093366031515,-0.36280543371762775,-0.0018231589375197464,-0.00536846171355411,-0.0026235837901389886,-0.0075382496951434995,-0.008961309150368506,-0.0038826258040402296,-0.009383014100906018,-0.00536846171355411,-0.10580453301733304,-0.052695060040853677,-0.08020239168904046,-0.013382960821615605,-0.2034737677167041,-0.0008320729427369186,-0.010983362844127325,-0.6038857431592118,-0.7481891977654266,-0.2792977760829399,-0.2997776473501521,-0.0804151241587256,-0.08766270021372755,-0.0804151241587256,0.48822327985976094,0.1070511680494439,0.5,0.2348480382984635,0.8209243325081718,0.07952594152591341,0.26195471823374594,0.38279589648305923,0.6691338988742591,0.4157500934490523,1.2674112187142708,0.10636934586209834,0.7676083590129265,0.12190721989868529,0.15881434649211992,0.4031705729867262,0.0493970821136402,0.2520912958614385,0.6986242959897829,0.13594271176520245,0.15730380549101008,0.29527047834874487,0.025741317377798445,0.025741317377798445,0.0,0.48822327985976094,0.4624819624819625
6,2016-07-05,2018-07-16,2018-07-17,2018-10-19,504,63,10770,1463,1.8591058775495168,0.6091032569646764,-0.1164637668851336,0.28489866912837464,0.5734791524265208,1.1302278837587458,0.42857142857142855,60,0.7940960742235564,0.9999999999989999,1.499999999999,1.9999999999979998,1.2698412698412698,0.0,,,,0.026683922074512,0.10457963089542037,0.15789473684210525,0.25153793574846206,0.0758714969241285,0.32604237867395763,0.08407382091592618,0.024775261376124093,0.04116916373722445,0.024456521739118203,0.02242862335326418,0.021856808679239788,0.03107814023544733,-0.004827113395272212,0.004394218160935329,-0.001908660698387906,0.01448524166271245,-0.002227400335393797,-0.0042552987212478195,0.067036710896704,0.2369033162958794,0.09722796550089655,0.36965300133706863,0.26073803700242154,0.29561329698941885,0.0063028788593232354,0.07538713266923852,0.21130548020347917,0.0028938242686455946,0.0001628860513399006,0.003193566822420738,0.0016821685328508268,-5.2947317708375585e-05,0.0024154179378333097,0.0028938242686455946,-0.005376188115664992,-0.009715164435984115,0.10157180156473589,0.005483316012758753,0.04554966671610047,0.04492881850478717,0.534397247743932,0.13970474298879454,-0.05140760270077048,0.40380311328589297,0.07387285242157748,0.02479342258381585,0.058368009735149586,0.02479342258381585,0.4166847912636899,0.09548822277827215,0.4149325844093019,0.18954644929907605,0.7233653310365259,0.1532827927578636,0.21680209744703777,0.288217407020055,0.6600839799707183,0.013081559060731765,-0.3300823441356364,0.09303111159989627,0.7373287459960677,0.11718587518002019,0.15893300758476903,0.37335258256203097,0.0569141733907772,0.24713678361853111,0.6875406381803194,0.06947492869899928,0.1473674642183676,0.381817633906854,-0.11031452520931073,0.0,0.11031452520931073,0.41668479126368996,0.5269993164730007
7,2016-10-06,2018-10-19,2018-10-22,2019-01-21,504,63,10910,1512,1.0756192346239006,0.23674560384984233,-0.09647388815810964,0.21885393384113394,0.576058201058201,1.0543653879360422,0.4603174603174603,61,0.7508274180601544,0.9999999999989998,1.8828236170512203,1.9999999999979998,1.7301587301587302,0.0,,,,0.03515355688334748,0.0958994708994709,0.13822751322751323,0.37037037037037035,0.057539682539682536,0.29894179894179895,0.03902116402116402,0.04482758620685172,0.03752985628632773,0.0464427527278232,0.04109481202343821,0.015486725663702433,0.037716065596131935,-0.019666831219645048,0.0025625087127844545,0.009674029323504238,0.0023762994029802517,0.01128919584447572,0.00594125514009073,0.05180515310512849,0.4674435196190331,0.12539543236512266,0.9665540878195168,0.27150785983218917,0.7141994917176848,-0.007111520610719783,0.046852151721340864,0.48344467541246144,0.00041701884783206097,-0.000655634603976829,0.002532840933241341,0.0010532529090013871,0.00034654723647103286,0.0007379400813476383,0.00041701884783206097,0.0007538584408271765,0.0034793262943690183,0.04054636677912783,0.010288114570086207,-0.00706020238799897,0.05814553884453603,1.4901026225921776,-0.02361731418286381,0.007860923879522006,0.10947519030364515,0.026573153872390395,0.09143547628754368,0.10230546792686737,0.09143547628754368,0.4208152929885848,0.10369932716179288,0.4118901714540423,0.20462825345631117,0.7409382909697675,0.15313442878061811,0.2549388481016671,0.3513144916541129,0.6581320116058819,0.3017152890428468,-0.1762402670350105,0.10251872419194294,0.717410685844934,0.11587673809109642,0.1615207863184537,0.3671087971716877,0.0534012203461852,0.2558959698399094,0.7071989335793969,0.06896651292150736,0.11673191686509411,0.22480481801499036,-0.11489899272570092,0.0,0.11489899272570092,0.4208152929885848,0.5357142857142857
8,2017-01-09,2019-01-21,2019-01-22,2019-04-26,504,63,11099,1512,2.796304176722926,0.9532767006982164,-0.06307724251910984,0.25839039654146895,0.5376984126984127,1.188038116757305,0.49206349206349204,62,0.6972046053331005,0.9999999999989999,1.4997052788251592,1.9999999999979998,1.8412698412698412,0.0,,,,0.03261048813909509,0.1593915343915344,0.017857142857142856,0.3888888888888889,0.03306878306878307,0.34656084656084657,0.05423280423280423,0.01895343466424058,0.10975040327558919,0.03176376959902166,0.07959856076364541,0.028350207884722516,0.051993730851064415,-0.004260280254372573,0.019383242711969326,-0.013657053474854509,0.0771399151364941,-0.0008467185400734267,0.04698807262455032,0.0818044166444665,0.11891117515490356,0.08167826468319855,0.9587136713025537,6.146022583432995,2.4070604774926374,0.03304029618682383,-0.14760483882432152,0.10585523176214294,0.0028514864301213754,0.005569450767861163,0.004299516101604949,0.0028713678316981944,-0.0004821170120176376,0.00186798469263079,0.0028514864301213754,-0.014558951584744129,0.12927091269488727,0.10276256034199388,0.010858879497039137,-0.03885366974056207,0.03507869519587196,0.6468169162946147,-0.11211211573994247,-0.09134080828271006,0.2642465837365557,0.08792308931767451,0.14806257528070296,0.14993081239342165,0.14806257528070296,0.44047283378283775,0.09856502548990435,0.4357930688904916,0.20388960614317997,0.7438286458795245,0.1281881240839114,0.23924847235037955,0.32761862126282654,0.6659588641776477,0.17517800240960307,0.01581655757641931,0.09509975790896077,0.7526897278966234,0.12349303682089323,0.16406898120667598,0.3854981442695308,0.05377489510647046,0.25041633435951083,0.6949169321705431,0.048970806139390526,0.08597404284963624,0.2190749491389925,-0.09722557891557493,0.0,0.09722557891557493,0.44047283378283775,0.5376984126984127
9,2017-04-12,2019-04-26,2019-04-30,2019-07-29,504,63,11288,1539,-0.7573293278923388,-0.3732796453696936,-0.2641671384933618,0.4666860309556713,0.5724496426250812,0.8912461173920245,0.4126984126984127,62,0.7203983630138452,0.5910923091327919,1.88549039991117,1.9999999999979998,1.9682539682539681,0.0,,,,0.026300757500878964,0.38921377517868744,0.11241065627030539,0.2586094866796621,0.03378817413905133,0.1695906432748538,0.036387264457439894,0.045517258803629806,0.04041118906740567,0.008136173077355757,0.037030612587657094,0.0033595861689736948,0.0032187737923106198,-0.02294117133190527,-0.023081983708568343,0.019216501302750842,0.014110431566526707,-0.018164584423523207,0.01072985508677813,0.019809973617051786,0.11694667996458477,0.031461232075503796,0.08845880118510793,0.3594960692181349,1.0959637071616206,-0.042298485011319185,-0.07174527034872052,-0.006340897511386476,-0.00845744093772032,0.0006121153781062322,-0.004192418676626627,-0.0012607653815861156,-0.0032199939920371655,-0.0023588147461780853,-0.00845744093772032,0.04835161994920607,-0.009843084318600839,-0.1253401884482707,0.05740856122835091,-0.011936845576331288,-0.0016137205045823296,-0.04434849743843224,-0.0703862273638845,0.12422895342542262,-0.4846697236730869,-0.052304518364216436,-0.032089540962549554,-0.0018596885031131603,-0.032089540962549554,0.49764881285719853,0.09532482415193945,0.5,0.23859929980683492,0.8355416020570507,0.10346974217139104,0.25185909970373116,0.34478413998813373,0.674538490724376,0.35025571793338284,0.583161450189047,0.09178659918169098,0.7489857697719754,0.12137877160623775,0.16205751364679305,0.395985149676882,0.04166534508164988,0.25470011447762525,0.7036681305746479,0.16851646213018764,0.22208658101170392,0.32026373883127235,0.0571030038903369,0.0571030038903369,0.0,0.4976488128571985,0.4405458089668616
10,2017-07-13,2019-07-29,2019-07-30,2019-11-04,504,63,11504,1575,1.5680654233243019,0.6335775963803436,-0.1123967592222831,0.3758279592643116,0.5276190476190477,1.1392101708726807,0.5396825396825397,62,0.780410883118422,0.7874412756742546,1.9974723979535052,1.9999999999979998,1.9682539682539681,0.0,,,,0.032630062593533106,0.22920634920634922,0.1726984126984127,0.21523809523809523,0.08507936507936507,0.2088888888888889,0.08888888888888889,0.07024453904259569,0.04361879753536027,0.02513753456892486,0.018871008576838617,0.007961755904736204,0.0035714285714249995,-0.024668306688796902,-0.029058634022108107,0.03761447644906258,0.010988734941827165,-0.007492528024608244,-0.01375905401669449,0.038114788905652036,0.30646855676478724,0.11678943051934118,0.04017857142853124,0.2525720813168839,0.22180476498896137,-0.0666731104711707,-0.16826257628174615,-0.034941602649355086,0.0008755391797114609,0.0020987937054582303,0.0030982360242689973,0.003617986669994409,0.0019777228378462333,0.001424909186701944,0.0008755391797114609,0.13574764421972102,0.010452468773269195,0.07634727000481238,-0.00398832706236071,-0.013376044661300903,-0.008686418627455034,-0.09772220955886912,-0.06403425635729156,0.5922508023436581,0.3547107677214735,0.07166957293468179,0.04030587617414563,0.05434441422135703,0.04030587617414563,0.44581397200455836,0.11888949586308394,0.4373752452484665,0.20350189304477206,0.8317404949854583,0.14297255466262299,0.3084620891094735,0.401140668900687,0.6579433311010772,0.3041261362757226,-0.11799441056826598,0.115025618050121,0.6867682894043035,0.12205148074818123,0.1777185735437346,0.35899163820988017,0.052071423303598846,0.2572478886408415,0.7090126440824223,0.08932442746170527,0.12013180959605287,0.16825950501454168,-0.06783682164623533,0.0,0.06783682164623533,0.44581397200455836,0.5136507936507937
11,2017-10-13,2019-11-04,2019-11-05,2020-02-03,504,63,11756,1575,1.223698328425541,0.4526014439995649,-0.12884736289213838,0.3493352452472456,0.5828571428571429,1.0963619535084768,0.47619047619047616,62,0.8953267785746996,0.9999999999989999,1.9045517334632576,1.9999999999979998,1.8888888888888888,0.0,,,,0.03558159006451978,0.10857142857142857,0.031746031746031744,0.26222222222222225,0.04507936507936508,0.49396825396825395,0.058412698412698416,0.09787988994949835,0.1359760435229025,0.026933024268285585,0.0470341854169814,0.02155060642553423,0.013865250083000616,-0.014030983638985552,-0.021716339981519166,0.06229829988497857,0.10039445345838272,-0.008648565796234197,0.011452595352461618,0.04362751300799025,0.9015253021664322,0.1027106857688857,0.23736705305136924,4.283245370971429,1.0433639722781085,-0.08401463986649774,0.004224604660956489,0.41267548310202645,0.0014141135408510502,0.000742696526605851,-0.0017785612469913936,0.0015549775692644686,0.0037892441434648214,0.002046712613344249,0.0014141135408510502,0.10305478503785029,0.0006652613436505966,-0.0493044840846702,0.0009156126282132769,-0.0007373834536324383,0.10868203449608982,1.860589177514581,-0.0014927749864666973,0.9491888095591474,-0.188025574899166,0.04767501945756147,0.11347234857464301,0.14733213634976342,0.11347234857464301,0.4266657965206734,0.12388628516969974,0.418130965994133,0.19520941594584534,0.7874479316703782,0.1715837835342779,0.33834496411684745,0.40999313676727966,0.6503682171440399,0.39745850154616463,-0.44908313922138676,0.1194117935583744,0.6804810558498309,0.1247015150013498,0.18325493991222258,0.35485588001255436,0.05523055346267507,0.25757170363142184,0.7104334039116328,0.12643894837567574,0.2663608313975512,0.8044081915711834,-0.07619134633646957,0.0,0.07619134633646957,0.4266657965206733,0.5028571428571429
12,2018-01-12,2020-02-03,2020-02-04,2020-05-11,504,63,11948,1575,-1.7895643356363264,-0.5912748939696363,-0.35781602958178294,0.46844514044547075,0.5987301587301588,0.7885100286678358,0.4603174603174603,62,0.9734411091967684,0.9999999999989999,1.996669948807929,1.9999999999979998,1.9682539682539681,0.0,,,,0.030592680649170836,0.1511111111111111,0.30603174603174604,0.17904761904761904,0.11174603174603175,0.16253968253968254,0.08952380952380952,0.0318513796734632,0.02687562191957211,0.04601227776280407,0.04706589902620222,0.014396576987196498,0.019178791691357652,-0.01619610366197434,-0.011413888957813183,0.0012586990242923653,-0.0037170587295987274,0.015419597113633231,0.016473218377031387,0.0885726904485722,0.2107811890155653,0.256983466228427,0.21423118378644188,0.08781971892806238,0.42118631230834375,-0.012672587982105549,-0.3238364258374328,-0.07716952677845831,-0.0007859522184642804,-0.008809400127716695,-0.0005625570733527003,-0.006047935982487192,0.0001681169989337134,-0.0042379535960583425,-0.0007859522184642804,-0.14306586798330334,0.12189324595302894,-0.10546590917084059,0.037264453845770776,-0.02287257351751953,-0.036004738383580995,-0.4021805883272345,-0.14071993472692682,-0.9467594204777426,-0.5890383224967161,-0.10873966234410691,0.23078560245465277,0.21353948074844284,0.23078560245465277,0.49141254218956215,0.1996372400639075,0.5,0.18852905687196542,0.8309867192820377,0.3929899618224676,0.5372558988726601,0.5633910083725736,0.6094978206467825,0.04768524311118559,-1.4253179745707882,0.16435153665627014,0.5470978802393088,0.1418872311166348,0.25934524011372856,0.3179514830846874,0.06266717123969986,0.2983321736890274,0.8046405471278598,0.1982970933533131,0.22919343453485475,0.4487475208697138,0.0006188913959113695,0.0006188913959113695,0.0,0.49141254218956215,0.4907936507936508
13,2018-04-18,2020-05-11,2020-05-12,2020-08-07,504,63,12137,1575,-0.4167088896712441,-0.12808225352215807,-0.14373135596451714,0.24296035383090928,0.45396825396825397,0.9678803742673731,0.2698412698412698,43,0.28728453705000023,0.060247866649453585,0.9999999999989999,1.179614043502142,0.746031746031746,0.0,,,,0.013403455123959865,0.0419047619047619,0.0,0.3022222222222222,0.022222222222222223,0.6006349206349206,0.03301587301587302,0.08354746205263822,0.0,0.029800872185588644,0.0,0.001491642879939187,0.0,-0.011911812244020678,-0.013403455123959865,0.07014400692867835,-0.013403455123959865,0.01639741706162878,-0.013403455123959865,0.0024834434840425154,1.9937462535288666,0.09860582708466831,0.0,,0.0,-0.08354746205263822,-0.06761503627480432,0.0,-0.005559786783720294,-0.002205467708090919,0.0,0.00021214282478055133,0.0002027073737197125,-0.0003236557417358292,-0.005559786783720294,-0.06713304677646681,0.0,0.06040302728920162,0.0,-0.00048198949833750705,0.0,0.0,-0.0008024666594942638,-1.6020386162565943,0.19986295794221123,-0.029974425729794894,0.146189825553834,0.08301271815532482,0.146189825553834,0.37354695942672245,0.08183500248561924,0.37039975808249687,0.21351037879916157,0.6901298901232511,0.10921176334448912,0.22870153299431145,0.24972325610405988,0.6464717899378379,0.5343650394306434,0.24676875747510207,0.07380543553163493,0.739479218716279,0.10835777078167975,0.14653254349681405,0.3718822909588865,0.05313222796336367,0.2858271109024693,0.7693071984099178,0.19635917358051425,0.19451689529727884,0.3167566452665816,-0.06835780247803941,0.0,0.06835780247803941,0.3735469594267225,0.4419047619047619
14,2018-07-17,2020-08-07,2020-08-10,2020-11-05,504,63,12326,1575,2.5977294465884713,1.4583831867633612,-0.08735568910431346,0.3534836425387803,0.5746031746031746,1.2389392219658535,0.5238095238095238,62,0.849792259211988,0.9999999999989999,1.9999999999979998,1.9999999999979998,1.9523809523809523,0.0,,,,0.038256825990377476,0.4533333333333333,0.04634920634920635,0.23174603174603176,0.02666666666666667,0.1980952380952381,0.04380952380952381,0.03914838586246815,0.04961754877332604,0.05854075150933609,0.0,0.022435897435875,0.004537653154909904,-0.015820928554502477,-0.03371917283546757,0.0008915598720906776,0.011360722782948564,0.020283925518958613,-0.038256825990377476,0.11325813609456128,0.08635673352015034,0.25260735240329957,0.10357686549250868,1.0705156070957331,0.0,-0.034610732707558246,0.17742832996546495,0.1748215267516799,0.002688206327847384,0.0021123080600357657,0.008236858706448457,0.003251579234156931,0.0047884330033739,0.006590344345426009,0.002688206327847384,0.013223973359000704,0.020156114160384958,0.038912124103704634,0.0,0.16131633310501778,0.049492084379832824,1.1297106217135753,0.8143372584628301,0.02917052946838391,0.1679084807214652,0.09524753886104366,0.0940955310361361,0.09303356176064645,0.0940955310361361,0.39311532396409415,0.17121228554524753,0.35229546373848264,0.1509989807356946,0.8638535004748892,0.26263985967284686,0.44570170775339674,0.5359983029232419,0.6076025285537315,0.814155233756035,-0.3520112564415383,0.16651524340479082,0.6038357081279414,0.1501659328475736,0.24868673850521536,0.3205235041363864,0.06634782492151715,0.2633372438082343,0.7281118357442329,0.12683320628786698,0.16019946828854104,0.38245777278836507,-0.17259896175019157,0.0,0.17259896175019157,0.39311532396409415,0.5657142857142857
15,2018-10-22,2020-11-05,2020-11-06,2021-02-05,504,63,12438,1587,1.6895864707082986,0.659244259037685,-0.11577818603638501,0.33098780022108076,0.4914933837429111,1.1344606340476717,0.5238095238095238,62,1.0406709312901155,0.9999999999989999,1.9999999999979998,1.9999999999979998,1.9682539682539681,0.0,,,,0.03893133208655083,0.3264020163831128,0.02520478890989288,0.21045998739760555,0.06049149338374291,0.3188405797101449,0.05860113421550094,0.043676999858626116,0.037499999999962494,0.03555915843134858,0.031249999999968747,0.03810500856848249,0.037649944546986655,-0.0008263235180683351,-0.001281387539564173,0.004745667772075288,-0.0014313320865883342,-0.0033721736552022458,-0.007681332086582081,0.11951116323751329,0.1338135111498835,0.1689592348220066,0.642478085979224,1.487812499998512,0.5166015624994833,-0.006027055311639461,0.07234003192539458,0.06810948523147685,0.0029909246796693064,0.002953208558595457,0.001292187574748037,-0.0010234334599661375,0.0021043529707959383,0.0033695618687526064,0.0029909246796693064,0.04600908179369308,0.0012706644890868096,-0.012748805148852039,0.051219676634934805,0.10389547707627499,0.015724301131899474,0.26832759028305875,0.32585399628468065,0.14095832588144963,-0.060575909494695164,0.05543172366806202,0.06292404493905145,0.049343748635966904,0.06292404493905145,0.43835847401271366,0.14242781054723874,0.42971615823096415,0.18115411474894672,0.7970131711164181,0.2064245340881231,0.39114583932048774,0.4593885055052555,0.6431773544665641,0.2762745227837085,-0.7448711042770211,0.14249850793544366,0.6617931510217844,0.15131987242421416,0.22865131225724106,0.3505677731272587,0.06329907079231381,0.2783604629795294,0.7569923948340027,0.1424778380955668,0.18260546017818102,0.5773375230620033,-0.055025268898439395,0.0,0.055025268898439395,0.4383584740127137,0.4933837429111531
16,2019-01-22,2021-02-05,2021-02-08,2021-05-12,504,63,12513,1638,-0.7112480298604372,-0.23089430502723152,-0.20781329440506713,0.30974942134364564,0.5115995115995116,0.935340518525162,0.5079365079365079,61,1.0592537813222007,0.9999999999989999,1.9999999999979998,1.9999999999979998,1.9682539682539681,0.0,,,,0.03785818994369976,0.5177045177045178,0.13064713064713065,0.17155067155067155,0.040903540903540904,0.10378510378510379,0.03540903540903541,0.05105865258614839,0.03880288742383832,0.02121144253952957,0.029100663767457596,0.011764705882341176,0.008620689655163792,-0.02609348406135858,-0.029237500288535966,0.013200462642448632,0.0009446974801385621,-0.016646747404170187,-0.008757526176242161,0.11335640138396968,0.09862508600956492,0.12364534832651045,0.24346016646824642,0.29700527850582786,0.7114460783745603,-0.0424379629309846,-0.11233614087041273,-0.017325266216532454,0.0016103943754163103,-0.0007866915271266597,-0.0033519955586653293,-0.0014151623551263085,0.0018888777207269635,0.000765518107990696,0.0016103943754163103,-0.031603973153054576,0.08680999580957958,-0.036342109238945895,-0.013285919706771489,0.009202781756892441,-0.00312495366467101,-0.08825300177122611,0.0886715089281754,-0.061046353802716266,-0.21184475065264546,-0.02309251282524845,0.006300693097930102,0.00907798033443857,0.006300693097930102,0.4706649269897103,0.1376075577094477,0.5,0.17604300741649437,0.8120146124000425,0.18186035268808992,0.3946529763617582,0.4695582495383187,0.6520873861599719,-0.018202550167772145,-0.5446520027938493,0.13761800168405236,0.7034640231722175,0.1422039856834168,0.20214819947999133,0.377071062230285,0.06031139612847049,0.27221746131252816,0.7420321295146107,0.14730952854170337,0.2697960731045466,0.8120146124000425,0.012789469114252328,0.012789469114252328,0.0,0.4706649269897102,0.45787545787545786
17,2019-04-30,2021-05-12,2021-05-14,2021-08-11,504,63,12639,1638,0.6731540222153767,0.16273361028389366,-0.14455461309125517,0.2720608010437739,0.5238095238095238,1.0374220702080703,0.4603174603174603,62,0.8361968071002399,0.9999999999989999,1.9999999999979998,1.9999999999979998,1.9682539682539681,0.0,,,,0.03611956746368673,0.13186813186813187,0.025030525030525032,0.3137973137973138,0.030525030525030524,0.41086691086691085,0.08791208791208792,0.006429525492772259,0.012097236467290228,0.02890081356248008,0.0,0.04363519582532937,0.09067765515527593,0.007515628361642636,0.054558087691589194,-0.029690041970914474,-0.024022330996396505,-0.007218753901206652,-0.03611956746368673,0.10620275001766644,0.048757234986856295,0.09210025800650268,1.0314583273912636,0.48329934959564375,0.0,0.08424812966250367,0.11459139871050929,0.37359626494182757,-0.0008948306707934131,-0.00040619483251102916,-0.0006931357976913547,0.0007696974639209574,0.0028502849043981833,0.0013332479535811247,-0.0008948306707934131,0.0017847762768902653,-0.005018048623203841,-0.018024597369079312,-0.001671249420456955,0.06614198994140703,0.05525223366919636,0.6284941579871086,0.160981544612221,0.013534553433084512,-0.05744025387266909,0.020120433609401453,0.08796939944827854,0.04541392277552198,0.08796939944827854,0.4709619796671699,0.15836461213896985,0.5,0.17171312942099123,0.8114875813601655,0.24120715611361704,0.4458585375821152,0.5257741625042504,0.6391857643205668,0.15254482785616702,-0.8524440315263564,0.15946276049748798,0.6580353870468171,0.1437779191301987,0.21849572524547356,0.36120208066234455,0.06288412898798638,0.27385632131892773,0.7478642022378448,0.11399034660011309,0.18165406497175263,0.3465726001078099,-0.04552153681634663,0.0,0.04552153681634663,0.4709619796671699,0.5164835164835165
18,2019-07-30,2021-08-11,2021-08-12,2021-11-12,504,63,12738,1638,-0.21213893215289342,-0.10189616787091593,-0.13834856422614905,0.3009016309348283,0.48717948717948717,0.9732934153129168,0.49206349206349204,62,1.1279315562918124,0.9999999999989999,1.9999999999979998,1.9999999999979998,1.9682539682539681,0.0,,,,0.03712514258385488,0.3058608058608059,0.1105006105006105,0.29120879120879123,0.059218559218559216,0.15506715506715507,0.07814407814407814,0.027302478608124087,0.03477602067406676,0.04899951817155611,0.020406731931231083,0.04002475306980841,0.04155837174050799,0.0028996104859535313,0.004433229156653111,-0.009822663975730794,-0.0023491219097881225,0.011874375587701227,-0.0167184106526238,0.25811238396986685,0.08926439113793863,0.1682624963627021,0.5318172883668132,0.31471338046475883,0.34460027735419085,0.014255893132383905,-0.030389671559777027,-0.24342716886003035,0.001872106685387292,0.00015201580335825817,-0.000971821663545302,0.0002817971841892157,-0.001280190476534708,-0.002224578000381931,0.001872106685387292,-0.003592157414001314,0.046864748813086075,0.03201833049123221,-0.04025670617863775,0.08780862333849462,-0.06774138867118426,-0.8668780831515611,0.5662619095608432,-0.01174441885056717,0.10994973866800495,-0.006823013789741179,-0.023746150554332667,-0.016280913006692325,-0.023746150554332667,0.48457258815055276,0.12456361183456793,0.5,0.1713653769527551,0.8415133628676961,0.15700357767985818,0.33958053027025886,0.4415192338440289,0.6605757382207457,-0.08580862133099,-0.15622372822974562,0.12139950346353377,0.7275984058634443,0.13188870012053538,0.1812657903831458,0.38958039399200123,0.056771182979369,0.26199891256858426,0.7194637335708417,0.08521731468807026,0.13524802847947284,0.24077701590056216,-0.01847991490195028,0.0,0.01847991490195028,0.48457258815055276,0.503052503052503
19,2019-11-05,2021-11-12,2021-11-15,2022-02-11,504,63,12801,1638,-0.6962369450577214,-0.2296209339920151,-0.14940011935093278,0.2983477647656087,0.5201465201465202,0.9390822031644447,0.4444444444444444,62,1.004814707419829,0.9999999999989999,1.9999999999979998,1.9999999999979998,1.9682539682539681,0.0,,,,0.03803700496830025,0.38583638583638585,0.0695970695970696,0.26434676434676435,0.045787545787545784,0.20634920634920634,0.028083028083028084,0.034148279210503715,0.06575284551492352,0.045786535624543996,0.05999999999994,0.02366863905323077,0.019597986150459278,-0.014368365915069483,-0.018439018817840973,-0.0038887257577965365,0.027715840546623273,0.007749530656243744,0.021962995031639745,0.11470186618104142,0.08850455909304601,0.17320634030716642,0.6978587242272238,0.944764569767059,1.3103999999986897,-0.014550293060044437,-0.18262222692713415,-0.0957575712631189,0.00033975766102735774,-0.0010613185311922453,-0.0023976861684441783,-0.00021275109250886318,-0.0011236460332452707,-0.0007258267098379756,0.00033975766102735774,0.1036529432243352,-0.013619778387471472,-0.01082428981971044,-0.002486227210678325,-0.046587461527278974,-0.018762043788048497,-0.6680919070613791,-0.22577000586296736,0.26864481171117255,-0.04094731345193002,-0.021670702959013195,0.03121634513475989,0.02764207433002538,0.03121634513475989,0.5253415889633849,0.17757951328344032,0.5,0.13911870528631687,0.8656111724245416,0.2791582785984851,0.5064463902140064,0.5798412883655355,0.6254156708688982,-0.14234284633528463,-0.8451327096397199,0.17663923449082589,0.662307454009817,0.15092090013729173,0.2278713597791198,0.3829599777774997,0.06280230225751512,0.2666410725109461,0.7332191633624158,0.1558251931775909,0.135186807926404,0.27382366614010145,0.043046106667902595,0.043046106667902595,0.0,0.5253415889633849,0.4822954822954823
20,2020-02-04,2022-02-11,2022-02-14,2022-05-18,504,63,12864,1638,-1.0273423864489895,-0.3251334970878422,-0.21090992351826998,0.3354692547150524,0.572039072039072,0.9047225885220864,0.4126984126984127,61,0.9275124513313615,0.9999999999989999,1.9966175847969834,1.9999999999979998,1.9206349206349207,0.0,,,,0.03603242088963302,0.21306471306471306,0.16666666666666666,0.18437118437118438,0.06776556776556776,0.3052503052503053,0.06288156288156288,0.03485649727944702,0.024645608601379272,0.055635765770225984,0.04639623734200755,0.029934567597900703,0.03115212924265925,-0.006097853291732319,-0.004880291646973772,-0.0011759236101860013,-0.01138681228825375,0.01960334488059296,0.010363816452374525,0.09806564345072269,0.16359582390754793,0.3017595507669873,0.49540958931529955,0.14787365160827565,0.68465798888476,-0.0037043680367877703,-0.14552049037753934,-0.14420280962664614,-0.002971240247445043,-0.0010106967213760502,-5.7794666900991824e-05,-0.0023121970513723484,-0.002596280096915269,-0.0011583043101837448,-0.002971240247445043,-0.03857268326315981,0.07936226764594655,-0.027451716707974888,-0.013479489952309577,-0.0006986807517197526,-0.026886858716713213,-0.4275793648347208,-0.0022888781426339093,-0.18103740740703658,-0.14889374823729426,-0.03795543280325385,-0.006649136446775081,0.0033361296311431284,-0.006649136446775081,0.46657865404471055,0.15196733604676047,0.5,0.15614169094503633,0.8491284947221841,0.15619532636025318,0.42662693711375205,0.5251498854501058,0.6425154803838058,0.17798640705626426,-0.4154764896070615,0.14975277879565244,0.6930783282979,0.145372406907193,0.20974888547445544,0.3728710045222892,0.0694575628282173,0.2735340730525844,0.7475945440293806,0.15593863023680862,0.22708943029825068,0.422316181211669,-0.0071698197037631806,0.0,0.0071698197037631806,0.46657865404471055,0.47374847374847373
21,2020-05-12,2022-05-18,2022-05-19,2022-08-17,504,63,12927,1638,1.644314569208907,0.42634033676946426,-0.10973109177701745,0.22863927803158232,0.4993894993894994,1.0914443600640336,0.49206349206349204,62,1.0488523904912377,0.9999999999989999,1.9999999999979998,1.9999999999979998,1.9523809523809523,0.0,,,,0.03421068860228969,0.1330891330891331,0.056776556776556776,0.23382173382173382,0.05067155067155067,0.4652014652014652,0.06043956043956044,0.022685381272693605,0.05486077971819865,0.04923477846419079,0.024035470835112167,0.026782310455756752,0.04777431819115977,-0.007428378146532941,0.013563629588870078,-0.011525307329596089,0.02065009111590896,0.015024089861901097,-0.010175217767177527,0.05757142326316215,0.17045254369115653,0.21056544941082117,0.7904478100719162,0.9662576040689183,0.4743385690110088,0.025088936918466167,0.13494185464170796,0.12019149869252395,0.002064428205970433,0.00036942778980955475,-0.00038248342875830987,0.0003941708619806898,-0.0017550939952750578,0.002872794610917299,0.002064428205970433,-0.005972943801819454,-0.020567139454286308,0.010824690717748588,0.014299879231675638,0.13586352955170874,0.025618408346104973,0.4238682108173732,0.2920530989576101,-0.04487927498798287,0.046294630275906495,0.04360872489582768,-0.0014529971325668708,-0.011271786244906382,-0.0014529971325668708,0.4847455321929597,0.15098008195232562,0.5,0.1472004997292226,0.8527157395607564,0.21472433508472777,0.4260945292859597,0.5113472114906411,0.6450768262776374,0.015653549587105315,-0.5085611904407665,0.1382112788176855,0.6816112917060131,0.13567261728347016,0.19904690390866983,0.37430952827583824,0.06796781174958859,0.27800736808719007,0.7570932636972353,0.12385431714878875,0.21390912928763137,0.5803467332024075,-0.0036549562075287034,0.0,0.0036549562075287034,0.4847455321929597,0.4884004884004884
22,2020-08-10,2022-08-17,2022-08-18,2022-11-18,504,63,12990,1638,0.25071795714002937,0.031405838123712115,-0.09538579166818784,0.21637888138740813,0.4938949938949939,1.0078193081726943,0.5396825396825397,62,1.1687055913229227,0.9999999999989999,1.9999999999979998,1.9999999999979998,1.9523809523809523,0.0,,,,0.03757990114190998,0.12759462759462759,0.031746031746031744,0.34065934065934067,0.026862026862026864,0.43101343101343104,0.04212454212454213,0.033492822966473684,0.009615384615374999,0.05381351081581591,0.011363636363625,0.02933953669762849,0.040785885894283544,-0.008240364444281494,0.0032059847523735613,-0.004087078175436298,-0.027964516526534984,0.016233609673905927,-0.02621626477828498,0.06807104973189158,0.2624939905219325,0.15796869303997574,0.9682214651425571,0.3028846153843125,0.42303719008222157,0.00729306292780986,-0.052819591580498385,-0.02823782356448707,-3.335079148010158e-05,-0.0001803748722249328,-0.0008148515227613197,0.0005695476106131936,0.0015899278092421296,6.690213027610863e-05,-3.335079148010158e-05,0.01219995446030406,-0.0038976118840674395,0.1147292760920017,0.0008813765986566203,-0.03196592168723668,-0.004756103548890205,-0.11290576250843704,-0.07416456051514685,0.09561495409558876,0.33678593949587593,0.005728542476540184,0.055606068973806155,0.026942770866242888,0.055606068973806155,0.4600718932271339,0.12711405407622103,0.5,0.12703351151098885,0.8275047776234312,0.13727977682641102,0.34464952779038993,0.4372597404219963,0.656238482375464,-0.029956353641218177,-0.08560941030571279,0.12669787997608634,0.72887223844062,0.13368830365849116,0.18341802116695533,0.38298725252405996,0.06338963530581047,0.26396295983712464,0.7239975585294482,0.08523061868226316,0.13487199882227371,0.22339026805248668,-0.049696116540875857,0.0,0.049696116540875857,0.4600718932271339,0.5097680097680097
23,2020-11-06,2022-11-18,2022-11-21,2023-02-16,504,63,13053,1638,-3.2059550065163727,-0.5284591310881458,-0.2341792793459888,0.21590130287590617,0.5280830280830281,0.8360544946261784,0.42857142857142855,62,1.2421241830129726,0.9999999999989999,1.9999999999979998,1.9999999999979998,1.9682539682539681,0.0,,,,0.03823376786623023,0.575091575091575,0.0695970695970696,0.1807081807081807,0.036019536019536016,0.10927960927960928,0.029304029304029304,0.04332638628708392,0.026315789473657893,0.0118243243243125,0.025423728813533896,0.06145251396641899,0.058613664218147093,0.02321874610018876,0.020379896351916865,0.005092618420853692,-0.011917978392572335,-0.02640944354191773,-0.012810039052696332,0.5623419993128174,0.07533823857563,0.06543325420008066,2.0001912914442697,0.37811634348992657,0.705831657568958,0.015287277931063173,-0.09860578771176685,0.06814787925542456,-0.00041752116712727444,-0.0033783957763744436,-0.001703905570682766,-0.001626295768296382,-0.005478245828350595,-0.001663513882299662,-0.00041752116712727444,-0.17788306839161772,-0.0022667525355245617,0.0045788417403459245,-0.0007616962158665972,0.06334620563743758,0.01819782757793785,0.6210008660971291,0.5796708649950991,-0.30931259663001043,0.025338320171238597,-0.07183978870718531,-0.05321217379052731,-0.072987941834928,-0.05321217379052731,0.515102334501983,0.106461095757138,0.5,0.175049977483826,0.8279445862853744,0.07978631985234663,0.2954186583142073,0.39040860090400265,0.6693361869240676,-0.11845180831428241,0.6021990188511746,0.10488240674433065,0.7550884235851677,0.11786376008342396,0.15609265935193326,0.40744678066107665,0.04748749401919551,0.26932994259074927,0.7345605916837705,0.15984601855168415,0.26867307767888493,0.8261885533884133,0.10118292058256906,0.10118292058256906,0.0,0.515102334501983,0.4139194139194139
24,2021-02-08,2023-02-16,2023-02-17,2023-05-24,504,63,13104,1691,-4.945280041751853,-0.5065064337379969,-0.1841458674635953,0.14773266759636614,0.524541691306919,0.8305849317502073,0.38095238095238093,61,1.1518225478584494,0.9999999999989999,1.9999999999979998,1.9999999999979998,1.9682539682539681,0.0,,,,0.03685001852170629,0.319337670017741,0.06268480189237138,0.20697811945594322,0.03725606150206978,0.3086930810171496,0.06505026611472502,0.021074278197993894,0.02358490566035377,0.05108566138159914,0.029933512824561595,0.0469348659003362,0.03788616638007774,0.010084847378629913,0.0010361478583714515,-0.015775740323712394,-0.013265112861352516,0.014235642859892851,-0.0069165056971446925,0.15204378972695118,0.0659937119126068,0.24681672398938329,0.5824137031701041,0.3762459950156436,0.8034534950211691,0.016811888182083845,-0.06258541807366344,-0.16876535905706627,-0.0025681239435048253,-0.004426594349154574,-0.0025988443993349803,-0.002720201821022942,-0.005234804984749885,-0.0012602367986930497,-0.0025681239435048253,-0.06716461403048726,0.0006619348445562924,0.0051525828819129265,-0.053971067127047294,0.03891713359481035,-0.03367600279343024,-0.5176920065790049,0.12607063775636843,-0.21032474504732215,0.024894336152327882,-0.07844284719163758,0.0012169461670666953,-0.059058439794479646,0.0012169461670666953,0.530077382970896,0.14708854214279315,0.5,0.16779564153294432,0.8251568237303782,0.2111781903024848,0.4090558303938737,0.49112478948713495,0.6463519689462092,-0.2597073448551534,-0.5894393151129673,0.144036920738547,0.6606078557968943,0.13087978186864857,0.19812023232840545,0.3787692045887828,0.05041572447136594,0.26651074799315677,0.7307319620519598,0.09429861668475097,0.15533640017428418,0.4123406341059699,0.005535691663977049,0.005535691663977049,0.0,0.530077382970896,0.524541691306919
25,2021-05-14,2023-05-24,2023-05-25,2023-08-23,504,63,13157,1701,4.064628488037451,1.5839915340359294,-0.05849383102403005,0.23737297321319897,0.44150499706055263,1.2635465107645636,0.5238095238095238,62,0.9496610634936536,0.9999999999989999,1.9999999999979998,1.9999999999979998,1.873015873015873,0.0,,,,0.034405508100250934,0.06114050558495003,0.035861258083480306,0.19988242210464433,0.05584950029394474,0.48912404467960025,0.15814226925338037,0.062499999999937494,0.20358360312258547,0.03592037549127154,0.015789473684194734,0.02659898699727991,0.013984701261293407,-0.007806521102971024,-0.020420806838957528,0.02809449189968656,0.16917809502233455,0.0015148673910206079,-0.0186160344160562,0.0543808616374677,1.0222355769220546,0.17970752561956732,0.08843114068944269,5.676978834615047,0.28271468144016043,-0.04851529873864409,0.10597269538268426,0.07342974334514736,0.003370998154803024,0.0035791400557222295,0.0022097653517134577,0.0037603424824091645,0.00300858997672798,0.004248155239765126,0.003370998154803024,0.028920339987980714,-0.0011446281047214546,0.13179683186942134,0.005426677075162991,0.113764502754237,0.02227316072114942,0.14084255162332773,0.23258824421268887,0.4730144069187999,0.6593717970878992,0.11128166362761588,-0.03340125039645631,-0.0239119548725642,-0.03340125039645631,0.40646961535055004,0.14662748121217536,0.3968211727733264,0.14192795796929164,0.8494913243781371,0.22367994945097236,0.3806744882224155,0.46855600677145676,0.6298141251808203,0.4067698732660904,-0.5337228917773325,0.14606757546179558,0.6752010472490259,0.15025020066507525,0.22252661081764857,0.3519237547611901,0.07258116418659889,0.3001283385716038,0.8072302831024883,0.20016636614291144,0.2214654588081696,0.449621283761482,-0.07089663979348293,0.0,0.07089663979348293,0.40646961535055,0.4773662551440329
26,2021-08-12,2023-08-23,2023-08-24,2023-11-24,504,63,13220,1701,2.7741277938167133,0.864547865844788,-0.0967698579603744,0.23642142348552278,0.5008818342151675,1.1699106037532552,0.5873015873015873,62,0.9842101361684311,0.9999999999989999,1.9999999999979998,1.9999999999979998,1.9682539682539681,0.0,,,,0.03644236830468662,0.4315108759553204,0.09288653733098177,0.17695473251028807,0.07289829512051735,0.14168136390358613,0.08406819517930629,0.03459440161996355,0.029576650873189385,0.03622739610484146,0.08613200061151448,0.038747935916475906,0.0069930069929999995,0.0023055676117892873,-0.02944936131168662,-0.0018479666847230694,-0.006865717431497234,-0.00021497219984516203,0.04968963230682786,0.2734864688544627,0.08017040484408447,0.2047269128715459,0.08318255171393706,0.3184169818689566,1.1815365567756946,-0.027601394626963552,-0.08240550339027676,0.0,0.0010059327433366851,0.0036921953030371844,0.0026801063949223208,0.0019027920693139298,0.0019185042627008814,0.0014069103591929826,0.0010059327433366851,0.06095212906187501,0.02912208639595013,0.09877230361938551,0.029455817920077232,0.0076687120675483795,0.0,0.0,0.05412646982116097,0.14125282225374577,0.5581783669653646,0.07141774899692975,0.04128045232610035,0.06437867457612143,0.04128045232610035,0.5048234628580438,0.18314448016370652,0.5,0.1493612458434544,0.8632545126325418,0.30218852739513735,0.5210996793382747,0.5944072737935433,0.6224090697265487,0.017484569205050496,-0.9379088593220537,0.18263625842410067,0.6599759628617199,0.1563034689837783,0.23683206325544714,0.375421764627961,0.06580756560121347,0.29234597055786726,0.7919374487898589,0.18195095342766182,0.22715031552013282,0.35431345034341877,0.00452951811965463,0.00452951811965463,0.0,0.5048234628580438,0.5002939447383892
27,2021-11-15,2023-11-24,2023-11-28,2024-02-27,504,63,13283,1701,1.0705443024565477,0.26424163250736843,-0.09505238371772118,0.24638954974853208,0.47795414462081126,1.0601575202076854,0.4126984126984127,62,1.0613427221821083,0.9999999999989999,1.9999999999979998,1.9999999999979998,1.9682539682539681,0.0,,,,0.03620567364431186,0.26161081716637274,0.08524397413286303,0.2022339800117578,0.06819517930629042,0.21457965902410348,0.16813639035861258,0.044199354144259365,0.06305071123519769,0.022858391310906546,0.05291132412393215,0.014949521328031408,0.046563670110545255,-0.021256152316280454,0.010357996466233393,0.007993680499947503,0.02684503759088583,-0.013347282333405316,0.01670565047962029,0.06966886514789432,0.1689507896615397,0.11302942912747684,0.2769398701329982,0.7396500676625605,0.7758807097828326,0.0023643159662858904,-0.01965638460246706,0.3040041633360636,0.00018483216195053006,0.0007299363665987132,0.0008990604974670813,0.0014932807907058847,0.0011823375539782494,0.0017029221004343487,0.00018483216195053006,0.046300602723301346,-0.056818470334635274,0.030685712157971844,0.029176790662396642,0.008542605763704528,0.07492008269176503,0.4455911211842389,0.03981088329879836,0.1769827533310912,0.15173371040904102,0.02891011073743053,-0.047803207010703834,-0.057796079814628296,-0.047803207010703834,0.528320056007916,0.2056932060372199,0.5,0.13644477112793607,0.8834685361048994,0.3644657144964235,0.571971114006703,0.6287902134914822,0.601648266731748,-0.19972164759701977,-1.1353281681842866,0.20490837054769306,0.6179039597996798,0.1642126647634534,0.2657575860436697,0.3701322098430227,0.08203674827410953,0.30859853995046455,0.8335575327367504,0.20424269698992686,0.24029399473377383,0.4390436745362506,0.043311237665764446,0.043311237665764446,0.0,0.5283200560079161,0.48500881834215165
28,2022-02-14,2024-02-27,2024-02-28,2024-06-04,504,63,13346,1701,-0.8102138742309435,-0.29445181243710306,-0.16327246457431543,0.3712036638808785,0.49559082892416223,0.9115342665238493,0.3968253968253968,62,0.705824157635701,0.9999999999989998,1.941803864630321,1.9999999999979998,1.9682539682539681,0.0,,,,0.03473682081260458,0.47442680776014107,0.10699588477366255,0.17754262198706644,0.053497942386831275,0.14873603762492651,0.03880070546737213,0.056867278129897635,0.031944794543897884,0.00827814569535596,0.021199783237845823,0.0019762845849782607,0.03715614954216095,-0.03276053622762632,0.002419328729556365,0.022130457317293052,-0.002792026268706699,-0.02645867511724862,-0.01353703757475876,0.013287193988332101,0.11986522936673591,0.046626244462915516,0.9576153086547845,0.2985609643910456,0.39627287129204114,-0.019711128587736687,-0.013247289466471312,0.14774088811045094,-0.003684995731047264,-0.0005251719719832193,0.0012201400740808463,-0.003873116425635851,0.0005249077530463405,-0.0018309065599187617,-0.003684995731047264,-0.0291288902950508,0.021837125117502996,0.019097594785864366,-0.08024622328376173,0.009939219438281407,0.02777950650780108,0.7159536449965097,0.06682455440520424,-0.06139806987841563,0.10756625407534863,-0.03435748146232584,-0.04836716811678506,-0.04939627363003326,-0.04836716811678506,0.5076379606895751,0.20284823841977695,0.5,0.1353854804266804,0.8830888529836413,0.3588077248838853,0.5841132763920686,0.6496189185605343,0.6051512792205406,0.057890385692606294,-0.9628056800199793,0.20065322851979414,0.6542923510716058,0.15905166282964986,0.24308959529927343,0.377339440266257,0.07567604095201547,0.28667352842964067,0.7868487887177177,0.1521241717584532,0.18602717963151,0.4120178307091437,0.004404568567294209,0.004404568567294209,0.0,0.5076379606895752,0.503233392122281
29,2022-05-19,2024-06-04,2024-06-05,2024-09-04,504,63,13409,1701,0.4244010254401941,0.08303597493091974,-0.14954242144072516,0.276196878441624,0.47442680776014107,1.0200725971042695,0.5238095238095238,62,0.932433696112061,0.9999999999989999,1.9999999999979998,1.9999999999979998,1.9682539682539681,0.0,,,,0.03541724438792889,0.17577895355673134,0.052322163433274546,0.20105820105820105,0.048206937095825984,0.3968253968253968,0.12580834803057026,0.038856348618543896,0.04494382022467416,0.02007650377292504,0.11404362710011814,0.033998753314699655,0.025513010593243502,-0.001418491073229236,-0.009904233794685389,0.0034391042306150046,0.009526575836745266,-0.015340740615003852,0.07862638271218925,0.08567685835304313,0.22105233779312095,0.09985418981796927,0.20279266831358503,0.8589824517097836,2.365709874357329,-0.013343338025300393,0.014855703981944302,-0.05310601548652706,0.0008918759486414105,-0.0009142731675191929,0.004764425878880992,0.0012211700913321842,0.001940646134558298,-0.00018826329478708107,0.0008918759486414105,-0.0045557675719881605,0.0350975614116345,-0.07376326482105988,0.07676032047940788,0.06904748750666866,-0.014538454541101697,-0.11556033259071956,0.173999668516805,-0.025917594113551372,-0.3668751855573768,0.013133481947802192,0.08562084731542226,0.09496301328989429,0.08562084731542226,0.5066160382549251,0.12350497470523304,0.5,0.18907640423760047,0.8597678655709254,0.0,0.3574179814223223,0.4543811456722282,0.6613362102730471,0.12924900174164022,0.4303002303953436,0.12148123504787507,0.7447930139011245,0.14355554999429462,0.19274556462630796,0.40090840659178845,0.06073173860372124,0.2662223168764339,0.7293075361262632,0.1097028457201464,0.16955410770822352,0.3349330166351825,-0.023072380322382346,0.0,0.023072380322382346,0.5066160382549251,0.5296884185773074
30,2022-08-18,2024-09-04,2024-09-05,2024-12-05,504,63,13472,1749,-0.16666623459512125,-0.08550214192189098,-0.15684452616921118,0.2877151979005493,0.5546026300743282,0.9779775476665267,0.5396825396825397,62,1.1285144633761954,0.9999999999989999,1.9999999999979998,1.9999999999979998,1.9523809523809523,0.0,,,,0.03422943798783795,0.42710120068610635,0.09777015437392796,0.27387078330474557,0.022870211549456832,0.15437392795883362,0.024013722126929673,0.022578460345445004,0.04104176835150743,0.03567206578248473,0.0898678173874749,0.04571486695689658,0.07043782121195552,0.01148542896905863,0.03620838322411757,-0.011650977642392948,0.006812330363669475,0.0014426277946467808,0.05563837939963695,0.2961307492874523,0.052864427234515815,0.13025144687592025,2.9332321261835763,0.4197780868233128,3.92947031526734,0.04785936086651052,-0.028051109555768075,-0.00168748662609425,0.004057946576500219,-0.0009655490664861151,-0.0003752509876978749,0.00021840777967010793,-0.0004906767004311124,0.000617108907222908,0.004057946576500219,-0.023495337083665073,-0.049209869458622144,-0.017990738127681236,0.10515015670868096,0.045061312196964,-0.0004072152104448584,-0.01695760483495375,0.2918971667870001,-0.05501117076215557,-0.06569060748499891,-0.006069920150219,0.07489649824582759,0.07303628512482854,0.07489649824582759,0.5039293780746981,0.09938538278780472,0.5,0.1985065596355271,0.8748008998482281,0.0,0.28792246379342296,0.3889429878006535,0.6726551548265943,0.33935620931309396,1.8060236889821297,0.09666542941292132,0.7799077270664212,0.1174668685799768,0.15061636717162832,0.409917237076807,0.04959380665209796,0.257122217683094,0.7095116292872408,0.0877312670727387,0.17474491015349092,0.39465955974857675,0.04023583890946081,0.04023583890946081,0.0,0.5039293780746981,0.46369353916523726
31,2022-11-21,2024-12-05,2024-12-06,2025-03-05,504,63,13583,1778,-3.3609198087885814,-0.7282897028809854,-0.3279797847073562,0.35796371321902876,0.531496062992126,0.7279630854295596,0.3968253968253968,62,0.9360783848141817,0.9999999999989999,1.9999999999979998,1.9999999999979998,1.9682539682539681,0.0,,,,0.03265765006828178,0.24578177727784026,0.18616422947131608,0.30371203599550056,0.05680539932508436,0.18166479190101237,0.025871766029246346,0.03281764299334013,0.041762475683837036,0.028879011131013113,0.0333370194732988,0.031228888071471117,0.0185212295071711,-0.0014287619968106624,-0.014136420561110679,0.000159992925058354,0.009104825615555256,-0.0037786389372686663,0.000679369405017019,0.17190391018908868,0.13352349940997427,0.0950868181313728,0.7158857839945699,0.2243313648515476,0.5868635705299531,-0.014296413486169033,-0.23441007161922417,-0.07425542118714376,-0.004017418620056864,-0.005355312254179464,-0.0037173745540567487,-0.004958512903366369,-0.007298542404295096,-0.004251887092960141,-0.004017418620056864,-0.15980909074626354,0.01357800092518663,0.027033605192128572,-0.061578430826321445,-0.03703683721812418,-0.023986142729649808,-0.9271165602895077,-0.2038746023957424,-0.6502072387799922,0.08901064820667519,-0.14713835462012462,0.0005210047018996234,-0.0027926249594613095,0.0005210047018996234,0.5397323774372769,0.1708045806540332,0.5,0.1305570494789436,0.8843473893200728,0.23744675789593955,0.4740654004237754,0.5536066670668016,0.6283101530692025,-0.008589558239068188,-0.8145402083985189,0.15601678547400558,0.6859548268818665,0.14535408179883907,0.2119003702610576,0.39946016130238315,0.06165000768745194,0.29706146782435855,0.8047753458721898,0.22340674455323695,0.23175524046277554,0.5959496438567102,0.12578412096933533,0.12578412096933533,0.0,0.5397323774372769,0.41394825646794153
32,2023-02-17,2025-03-05,2025-03-06,2025-06-10,504,63,13723,1924,2.630446998844384,0.9769418846141238,-0.094042253028911,0.28826449386363634,0.4838877338877339,1.1961817314012202,0.5873015873015873,61,0.7303165995641003,0.6666666666661496,1.4630033586044315,1.9999999999983893,2.2857142857142856,0.0,,,,0.02761133734328441,0.07848232848232849,0.028586278586278588,0.20841995841995842,0.1023908523908524,0.49428274428274427,0.08783783783783784,0.03237124938950431,0.2128385062129113,0.013341528971917939,0.026071796673792648,0.02284107557028418,0.025574417864718528,-0.004770261773000231,-0.002036919478565883,0.0047599120462198975,0.1852271688696269,-0.014269808371366472,-0.001539540669491763,0.04621054615901868,0.41246545579739263,0.0640127225485539,0.2911549110752571,7.4454779264298425,0.2546301360425231,-0.0067968315247857805,-0.016072378950868993,0.046138709385623276,0.0020248125464975243,0.003550778930715562,0.003405290158695631,0.002694519967431908,0.00331301860875959,0.003153591568906716,0.0020248125464975243,0.02648241085819205,0.03306152022388546,0.061547818546079804,0.07101276220242192,0.032602376531727886,0.010869175599480635,0.12374138374793338,0.06595896156366399,0.3374315131865,0.2953067403557545,0.10913826896824688,0.017408251058171,0.01480045413338928,0.017408251058171,0.4247126640014442,0.14037872816907732,0.5,0.13901842619697447,0.8339979349915775,0.19212197796435615,0.3430683274616507,0.4649148077514974,0.6400488601689082,0.32082548720501436,-0.16168568518407733,0.1373125433637197,0.7060051229354258,0.1418394112772576,0.20090422387774928,0.36672914569459086,0.06978754299117106,0.27407798801120753,0.7486724353985235,0.12028260157249233,0.1476261228191635,0.3565651026779906,-0.07216883288005277,0.0,0.07216883288005277,0.42471266400144414,0.4968814968814969
33,2023-05-25,2025-06-10,2025-06-11,2025-09-09,504,63,13956,1982,-3.2391790392554305,-0.1513003645789357,-0.04332919236025934,0.04952480501513882,0.5529767911200807,0.9603831269608162,0.015873015873015872,10,0.047619047619047616,0.0,0.5,0.5,0.1111111111111111,0.0,,,,0.0017658930373360242,0.20383451059535823,0.02472250252270434,0.3955600403632694,0.021695257315842584,0.3521695257315843,0.0020181634712411706,0.0,0.0,0.0006377551020408163,0.0,0.004297994269340974,0.0,0.00253210123200495,-0.0017658930373360242,-0.0017658930373360242,-0.0017658930373360242,-0.001128137935295208,-0.0017658930373360242,0.012204333297756175,0.0,0.0016122839441899209,0.0,0.0,0.0,0.0,-0.013914393967139727,0.0,-0.0002699789494795961,-9.030688590517841e-05,0.0,-0.0006317349601578478,-0.0008252088815277227,-0.000966940783196105,-0.0002699789494795961,0.0,0.0,-0.023190533614922737,0.0,-0.013914393967139727,0.0,0.0,-0.03951049977488673,0.0,-0.05862708880711335,-0.35521507276820613,-0.010313506637879975,-0.03477136959140868,-0.010313506637879975,0.49660351588103974,0.021372472397478796,0.5,0.36158651148336834,0.6503801347910894,0.0,0.0,0.0,0.6922023210986812,-3.4435049855607627,23.60811508794103,0.01817916919608973,0.89106583817215,0.0611379077158376,0.06861211045996515,0.445906575691714,0.030138921392816206,0.25078675154237207,0.694761540019441,0.06279745374961765,0.13384910911896508,0.1951944148545,0.055130256547033685,0.055130256547033685,0.0,0.49660351588103974,0.44147325933400605
34,2023-08-24,2025-09-09,2025-09-10,2025-12-10,504,63,14237,2047,1.7095936727997776,0.3539497945222905,-0.062080955993603526,0.18674212795090647,0.5808500244259892,1.0784202739574813,0.4444444444444444,61,0.9592383980040879,0.9412390109278633,1.9519192322730947,1.9999999999986533,2.888888888888889,0.0,,,,0.030776746458208954,0.3312164142647777,0.057156814851001464,0.35613092330239376,0.03321934538348803,0.19443087445041524,0.02784562774792379,0.044551973156885354,0.06510727405419586,0.017272954102580906,0.029821860761960303,0.011533043713946586,0.10466999411401806,-0.01924370274426237,0.07389324765580911,0.0137752266986764,0.03433052759598691,-0.013503792355628048,-0.0009548856962486515,0.0593169358855494,0.13451016084387069,0.048501696910813595,3.758938209673596,1.1390990597345207,0.8977257202901874,0.060118020957132715,-0.09220950146074075,0.060552472055450654,0.0008820772384461276,0.0011549656154339503,0.0008170538580688727,0.0015360209657656245,0.0015646328719788796,0.0010910057555008656,0.0008820772384461276,0.045979812215362445,0.05248160866203039,0.04196565523611137,-0.006433686358389689,-0.003435486427031031,0.00968740584368311,0.3478968379301637,-0.017669449035508846,0.138821055464376,0.11783771778919064,0.04110023811488184,0.07262044205030675,0.07772199442845833,0.07262044205030675,0.4761585183497481,0.12043706667568094,0.5,0.18303110199368416,0.8425169698550082,0.11066068012641317,0.32470076386871816,0.4406406975350471,0.6619560089596358,0.2173121077934668,0.27597568402002626,0.11829027109123907,0.750283055589014,0.13439686239393853,0.1791282122028604,0.394867061129256,0.05576710642227107,0.25762834528574663,0.7108215808219154,0.1056802900875174,0.17682897099217165,0.4565935026432333,-0.005033469925777079,0.0,0.005033469925777079,0.4761585183497481,0.4811919882755252
35,2023-11-28,2025-12-10,2025-12-11,2026-03-12,504,63,14583,2100,-2.2817158822546943,-0.5025702531029501,-0.2253939982407306,0.28651969254727594,0.6295238095238095,0.8403155650858333,0.4444444444444444,62,0.5560029581635664,0.5,1.1942254006594732,1.3138685775830634,1.9682539682539681,0.0,,,,0.02216686334776069,0.3352380952380952,0.1880952380952381,0.2180952380952381,0.08761904761904762,0.11523809523809524,0.055714285714285716,0.02343977184949149,0.03267069563843392,0.009167156838891934,0.021077218784096307,0.0264114681083231,0.02286792735362068,0.004244604760562411,0.0007010640058599908,0.001272908501730799,0.010503832290673233,-0.012999706508868756,-0.0010896445636643833,0.22919042573338227,0.06991977398285813,0.04203281520015952,0.41044997814190964,0.17369230592585125,0.24055521438370783,-0.0005718444958708081,-0.13477440275308597,-0.20378171694656966,-0.004249985079396875,-0.0012851966311286966,-0.0034612418639620003,-0.0028057615512404794,-0.003622075776646712,-0.003336459940831772,-0.004249985079396875,0.014590207906162694,-0.10841866030994238,-0.00037993759635819406,-0.022437022364539427,0.034347481740240215,-0.046113016277221114,-0.8276695229244815,0.29805665972935724,0.04352192699281486,-0.0017420719483672653,-0.11875600876419057,-0.018259835675906583,-0.039707073718278876,-0.018259835675906583,0.4577529614301903,0.07342772701092544,0.5,0.2446333503568437,0.7558849092789505,0.10175934681671889,0.14269602290277522,0.23376134439931145,0.6785706183802087,-0.038968208819313684,0.3072951249561897,0.0730296456033796,0.8085773506555877,0.0914955081720068,0.11315616013447552,0.40960163684473183,0.04196405465052427,0.24444581143041108,0.682185197869974,0.09813118396549299,0.13163959045374776,0.22930062929962303,-0.035104181426952596,0.0,0.035104181426952596,0.4577529614301903,0.4928571428571429
36,2024-02-28,2026-03-12,2026-03-13,2026-06-15,504,63,14982,2140,-0.10492665309138409,-0.025122011349606344,-0.07224272967591838,0.14735112949729987,0.5074766355140187,0.99347344357249,0.2857142857142857,46,0.4595340759237741,0.5,1.2192989768442597,1.6046471926706851,0.9365079365079365,0.0,,,,0.01079723059818607,0.1261682242990654,0.08037383177570094,0.2369158878504673,0.09205607476635513,0.3042056074766355,0.1602803738317757,0.008710896631355016,0.014410679576123325,0.006764507244016752,0.010205944667251315,0.010154809016632219,0.01814733982672463,-0.0006424215815538509,0.007350109228538562,-0.0020863339668310537,0.0036134489779372555,-0.004032723354169318,-0.000591285930934755,0.033381399839620504,0.06904192144851755,0.02855235799249674,0.1132224700559496,0.1792956644936274,0.1108666070452681,0.009436443195369616,0.04698540654349598,0.2039631590667409,-0.00047704402896224984,-0.0016282275627179433,-0.001246443904247215,-0.0003067181169056447,-0.00010594770898931954,0.001220206642622511,-0.00047704402896224984,0.01079458136939092,-0.04075785352179796,-0.041695532228545044,-0.0017936554823816857,0.05905476221532932,0.03948307921935554,0.24633757880297624,0.19412778977082143,0.08555705233517248,-0.17599297627038735,-0.008640981565144678,-0.014793213840913363,-0.03022623056586948,-0.014793213840913363,0.4751411598689588,0.039102377341897386,0.5,0.2386184614958881,0.6025095507333995,0.06322953254474684,0.08127259094830103,0.09263937486000223,0.6888268274563167,-0.8565147344001515,0.4324446986476085,0.03771093103619711,0.8664004638535965,0.060914862328476344,0.0703079752029073,0.43421819324514577,0.0285323037251142,0.25129901223924167,0.6957370124941687,0.044228669408659715,0.1670888643088252,0.3974904492666005,-0.013643886860013166,0.0,0.013643886860013166,0.4751411598689588,0.48878504672897194
